년월,시도,시군구,충전요금,고객호수,판매량,판매수입
2025-04,경기도,가평군,자가용,295,152408,23440369
2025-04,경기도,가평군,사업자용,290,530087,89439684
2025-04,경기도,과천시,자가용,89,165788,24726045
2025-04,경기도,과천시,사업자용,157,517983,78098623
2025-04,경기도,광명시,자가용,82,736420,87520128
2025-04,경기도,광명시,사업자용,374,1153169,150741423
2025-04,경기도,광주시,자가용,871,629735,85075865
2025-04,경기도,광주시,사업자용,771,1811945,259418981
2025-04,경기도,구리시,자가용,111,115440,18525132
2025-04,경기도,구리시,사업자용,415,729279,109027357
2025-04,경기도,군포시,자가용,78,1013199,116977971
2025-04,경기도,군포시,사업자용,456,840031,123307309
2025-04,경기도,김포시,자가용,558,817104,115075458
2025-04,경기도,김포시,사업자용,1407,3449701,479168111
2025-04,경기도,시흥시,자가용,178,127645,20079443
2025-04,경기도,시흥시,사업자용,1402,2778175,392464402
2025-04,경기도,안성시,자가용,395,267335,41857452
2025-04,경기도,안성시,사업자용,502,1376635,203676310
2025-04,경기도,양주시,자가용,378,621564,80297423
2025-04,경기도,양주시,사업자용,929,1835025,259367386
2025-04,경기도,양평군,자가용,1060,621010,87984440
2025-04,경기도,양평군,사업자용,219,466070,79034493
2025-04,경기도,여주시,자가용,542,293604,43939512
2025-04,경기도,여주시,사업자용,284,749774,120598612
2025-04,경기도,연천군,자가용,157,71111,10357681
2025-04,경기도,연천군,사업자용,101,225166,40965005
2025-04,경기도,오산시,자가용,127,122261,19030868
2025-04,경기도,오산시,사업자용,590,1214472,170459003
2025-04,경기도,의왕시,자가용,110,234981,36090728
2025-04,경기도,의왕시,사업자용,426,782249,118335989
2025-04,경기도,이천시,자가용,512,291461,45060563
2025-04,경기도,이천시,사업자용,541,1177582,180791880
2025-04,경기도,파주시,자가용,771,969713,129671440
2025-04,경기도,파주시,사업자용,1279,3659717,493594355
2025-04,경기도,평택시,자가용,628,1163452,163937299
2025-04,경기도,평택시,사업자용,1441,3159837,447418652
2025-04,경기도,포천시,자가용,444,574283,71438373
2025-04,경기도,포천시,사업자용,353,770512,124343609
2025-04,경기도,하남시,자가용,256,414225,58093989
2025-04,경기도,하남시,사업자용,810,2155201,293059131
2025-04,경기도,화성시,자가용,856,1282999,181110827
2025-04,경기도,화성시,사업자용,2699,6039800,827553433
2025-04,경기도,남양주시,자가용,725,589653,83092952
2025-04,경기도,남양주시,사업자용,1831,3896173,507131923
2025-04,경기도,동두천시,자가용,117,113739,15108371
2025-04,경기도,동두천시,사업자용,190,259730,46267439
2025-04,경기도,의정부시,자가용,189,355730,48094086
2025-04,경기도,의정부시,사업자용,959,1928260,272239953
2025-04,경기도,고양시 덕양구,자가용,313,380617,55076233
2025-04,경기도,고양시 덕양구,사업자용,739,2158022,301146878
2025-04,경기도,부천시 소사구,자가용,96,389276,48504360
2025-04,경기도,부천시 소사구,사업자용,333,805080,110309700
2025-04,경기도,부천시 오정구,자가용,99,843385,102107103
2025-04,경기도,부천시 오정구,사업자용,120,1741396,208051384
2025-04,경기도,부천시 원미구,자가용,157,342518,46744254
2025-04,경기도,부천시 원미구,사업자용,712,1095140,162155786
2025-04,경기도,성남시 분당구,자가용,445,892333,114005884
2025-04,경기도,성남시 분당구,사업자용,1480,3134674,441510522
2025-04,경기도,성남시 수정구,자가용,193,671231,88573708
2025-04,경기도,성남시 수정구,사업자용,452,808010,116886148
2025-04,경기도,성남시 중원구,자가용,110,861746,100981939
2025-04,경기도,성남시 중원구,사업자용,407,1322645,177213569
2025-04,경기도,수원시 권선구,자가용,151,267305,37468522
2025-04,경기도,수원시 권선구,사업자용,773,2711016,347837151
2025-04,경기도,수원시 영통구,자가용,126,209697,31474636
2025-04,경기도,수원시 영통구,사업자용,1006,2798963,362201634
2025-04,경기도,수원시 장안구,자가용,75,117622,17461611
2025-04,경기도,수원시 장안구,사업자용,455,1112145,154311230
2025-04,경기도,수원시 팔달구,자가용,70,86158,13754217
2025-04,경기도,수원시 팔달구,사업자용,380,691732,107823467
2025-04,경기도,안산시 단원구,자가용,229,89238,17428582
2025-04,경기도,안산시 단원구,사업자용,805,1156191,178780285
2025-04,경기도,안산시 상록구,자가용,177,99821,16335757
2025-04,경기도,안산시 상록구,사업자용,368,560280,96548098
2025-04,경기도,안양시 동안구,자가용,74,371182,45994690
2025-04,경기도,안양시 동안구,사업자용,627,1585129,213210634
2025-04,경기도,안양시 만안구,자가용,81,108058,15947207
2025-04,경기도,안양시 만안구,사업자용,352,1588636,198741907
2025-04,경기도,용인시 기흥구,자가용,467,266893,40663080
2025-04,경기도,용인시 기흥구,사업자용,1413,2198284,324450749
2025-04,경기도,용인시 수지구,자가용,328,143959,21597935
2025-04,경기도,용인시 수지구,사업자용,1192,1555620,221357233
2025-04,경기도,용인시 처인구,자가용,872,917192,124292751
2025-04,경기도,용인시 처인구,사업자용,554,1997057,276336201
2025-04,경기도,고양시 일산동구,자가용,291,671781,84398956
2025-04,경기도,고양시 일산동구,사업자용,779,2042877,279446437
2025-04,경기도,고양시 일산서구,자가용,134,279285,38925607
2025-04,경기도,고양시 일산서구,사업자용,674,1868408,262675317
2025-04,경상남도,거제시,자가용,298,398079,52226736
2025-04,경상남도,거제시,사업자용,742,571654,108969258
2025-04,경상남도,거창군,자가용,165,156251,21596855
2025-04,경상남도,거창군,사업자용,112,187367,36779376
2025-04,경상남도,고성군,자가용,226,142349,22419275
2025-04,경상남도,고성군,사업자용,118,128418,36580398
2025-04,경상남도,김해시,자가용,483,564400,75470141
2025-04,경상남도,김해시,사업자용,1411,2479268,363834284
2025-04,경상남도,남해군,자가용,223,110804,17033468
2025-04,경상남도,남해군,사업자용,133,93172,24187746
2025-04,경상남도,밀양시,자가용,470,336785,47800621
2025-04,경상남도,밀양시,사업자용,233,258688,54983030
2025-04,경상남도,사천시,자가용,194,189144,26109638
2025-04,경상남도,사천시,사업자용,246,408289,80965784
2025-04,경상남도,산청군,자가용,233,93760,14238421
2025-04,경상남도,산청군,사업자용,220,172181,50218914
2025-04,경상남도,양산시,자가용,357,420186,60525115
2025-04,경상남도,양산시,사업자용,905,2051792,289073923
2025-04,경상남도,의령군,자가용,77,33178,5329286
2025-04,경상남도,의령군,사업자용,85,55976,19206973
2025-04,경상남도,진주시,자가용,875,1403595,176562390
2025-04,경상남도,진주시,사업자용,821,1456273,244707977
2025-04,경상남도,창녕군,자가용,205,98169,13942772
2025-04,경상남도,창녕군,사업자용,155,233637,48374127
2025-04,경상남도,통영시,자가용,160,176548,26411160
2025-04,경상남도,통영시,사업자용,274,400022,73396654
2025-04,경상남도,하동군,자가용,179,118314,18293036
2025-04,경상남도,하동군,사업자용,181,110035,30656970
2025-04,경상남도,함안군,자가용,182,109955,16088691
2025-04,경상남도,함안군,사업자용,147,288242,56422765
2025-04,경상남도,함양군,자가용,136,82288,11985265
2025-04,경상남도,함양군,사업자용,95,147541,32382516
2025-04,경상남도,합천군,자가용,229,148555,20835217
2025-04,경상남도,합천군,사업자용,114,107163,33167534
2025-04,경상남도,창원시 성산구,자가용,250,407993,52970639
2025-04,경상남도,창원시 성산구,사업자용,633,1548081,231054587
2025-04,경상남도,창원시 의창구,자가용,436,209968,31065956
2025-04,경상남도,창원시 의창구,사업자용,511,635733,100274607
2025-04,경상남도,창원시 진해구,자가용,130,188978,25909976
2025-04,경상남도,창원시 진해구,사업자용,457,545988,87629611
2025-04,경상남도,창원시 마산합포구,자가용,211,707399,90668089
2025-04,경상남도,창원시 마산합포구,사업자용,414,1581602,209737150
2025-04,경상남도,창원시 마산회원구,자가용,174,105487,16651412
2025-04,경상남도,창원시 마산회원구,사업자용,344,451214,76251060
2025-04,경상북도,경산시,자가용,435,294976,42429816
2025-04,경상북도,경산시,사업자용,749,1231707,201982940
2025-04,경상북도,경주시,자가용,877,434040,62536508
2025-04,경상북도,경주시,사업자용,582,1275567,208206232
2025-04,경상북도,고령군,자가용,153,66199,10409771
2025-04,경상북도,고령군,사업자용,80,75582,23847368
2025-04,경상북도,구미시,자가용,486,280017,46241675
2025-04,경상북도,구미시,사업자용,998,1523014,259283205
2025-04,경상북도,김천시,자가용,358,166505,25405692
2025-04,경상북도,김천시,사업자용,390,631012,118625334
2025-04,경상북도,문경시,자가용,194,122729,20359562
2025-04,경상북도,문경시,사업자용,115,348556,56734138
2025-04,경상북도,봉화군,자가용,83,39657,6883916
2025-04,경상북도,봉화군,사업자용,40,43487,19147587
2025-04,경상북도,상주시,자가용,381,273642,41006940
2025-04,경상북도,상주시,사업자용,187,320955,65029766
2025-04,경상북도,성주군,자가용,246,120421,56619054
2025-04,경상북도,성주군,사업자용,115,228565,47006018
2025-04,경상북도,안동시,자가용,404,331595,50117000
2025-04,경상북도,안동시,사업자용,394,650352,120852949
2025-04,경상북도,영덕군,자가용,159,90561,16052739
2025-04,경상북도,영덕군,사업자용,50,100865,25722262
2025-04,경상북도,영양군,자가용,44,27476,4527201
2025-04,경상북도,영양군,사업자용,38,28849,12023865
2025-04,경상북도,영주시,자가용,290,168562,24447977
2025-04,경상북도,영주시,사업자용,196,229680,55560464
2025-04,경상북도,영천시,자가용,276,338613,45980081
2025-04,경상북도,영천시,사업자용,253,332425,72808269
2025-04,경상북도,예천군,자가용,219,113827,17340185
2025-04,경상북도,예천군,사업자용,110,223674,36087200
2025-04,경상북도,울릉군,자가용,143,26811,5490711
2025-04,경상북도,울릉군,사업자용,14,32580,6400549
2025-04,경상북도,울진군,자가용,163,97113,14768273
2025-04,경상북도,울진군,사업자용,116,163193,41202501
2025-04,경상북도,의성군,자가용,162,87969,16211389
2025-04,경상북도,의성군,사업자용,60,82485,22373793
2025-04,경상북도,청도군,자가용,258,120742,18875464
2025-04,경상북도,청도군,사업자용,75,266402,43155633
2025-04,경상북도,청송군,자가용,109,86286,12178728
2025-04,경상북도,청송군,사업자용,73,99986,30195976
2025-04,경상북도,칠곡군,자가용,274,184422,28528082
2025-04,경상북도,칠곡군,사업자용,281,583195,97499796
2025-04,경상북도,포항시 남구,자가용,494,570214,77193902
2025-04,경상북도,포항시 남구,사업자용,683,687492,137822596
2025-04,경상북도,포항시 북구,자가용,540,662845,92800544
2025-04,경상북도,포항시 북구,사업자용,801,1082520,184421102
2025-04,전라남도,강진군,자가용,117,48539,7311630
2025-04,전라남도,강진군,사업자용,73,70641,21790264
2025-04,전라남도,고흥군,자가용,220,87529,14377838
2025-04,전라남도,고흥군,사업자용,105,118370,26597029
2025-04,전라남도,곡성군,자가용,139,92283,13931355
2025-04,전라남도,곡성군,사업자용,63,112493,23905777
2025-04,전라남도,광양시,자가용,484,583154,77077430
2025-04,전라남도,광양시,사업자용,496,635555,117431289
2025-04,전라남도,구례군,자가용,125,43975,6697099
2025-04,전라남도,구례군,사업자용,99,87032,30123218
2025-04,전라남도,나주시,자가용,510,280987,46518813
2025-04,전라남도,나주시,사업자용,434,675726,114589690
2025-04,전라남도,담양군,자가용,336,160295,24733001
2025-04,전라남도,담양군,사업자용,145,96926,27176654
2025-04,전라남도,목포시,자가용,265,210501,34358705
2025-04,전라남도,목포시,사업자용,513,587945,103763322
2025-04,전라남도,무안군,자가용,214,125988,19545610
2025-04,전라남도,무안군,사업자용,231,296678,58693333
2025-04,전라남도,보성군,자가용,118,116507,18563360
2025-04,전라남도,보성군,사업자용,87,106912,30140495
2025-04,전라남도,순천시,자가용,753,379516,57465065
2025-04,전라남도,순천시,사업자용,714,1169839,190607818
2025-04,전라남도,신안군,자가용,99,43585,9371017
2025-04,전라남도,신안군,사업자용,79,42232,12741090
2025-04,전라남도,여수시,자가용,665,444345,64941256
2025-04,전라남도,여수시,사업자용,686,870524,162877458
2025-04,전라남도,영광군,자가용,369,196225,30335643
2025-04,전라남도,영광군,사업자용,110,160382,32731223
2025-04,전라남도,영암군,자가용,161,55923,9462067
2025-04,전라남도,영암군,사업자용,158,161955,37787274
2025-04,전라남도,완도군,자가용,104,33479,6135259
2025-04,전라남도,완도군,사업자용,82,74457,21960140
2025-04,전라남도,장성군,자가용,219,97013,14062289
2025-04,전라남도,장성군,사업자용,94,131853,30763683
2025-04,전라남도,장흥군,자가용,116,59619,9716003
2025-04,전라남도,장흥군,사업자용,79,86365,20264045
2025-04,전라남도,진도군,자가용,91,41512,6384358
2025-04,전라남도,진도군,사업자용,43,55844,15854529
2025-04,전라남도,함평군,자가용,142,57706,9373134
2025-04,전라남도,함평군,사업자용,105,151484,34459723
2025-04,전라남도,해남군,자가용,172,87232,13922633
2025-04,전라남도,해남군,사업자용,125,127064,35247433
2025-04,전라남도,화순군,자가용,196,141055,20153523
2025-04,전라남도,화순군,사업자용,172,157213,37521158
2025-04,충청남도,계룡시,자가용,61,173059,22383239
2025-04,충청남도,계룡시,사업자용,151,272551,41775251
2025-04,충청남도,공주시,자가용,405,307599,42406623
2025-04,충청남도,공주시,사업자용,294,761668,129607390
2025-04,충청남도,금산군,자가용,269,147689,22931627
2025-04,충청남도,금산군,사업자용,73,161143,29620941
2025-04,충청남도,논산시,자가용,373,266838,36780243
2025-04,충청남도,논산시,사업자용,224,393624,73278087
2025-04,충청남도,당진시,자가용,606,676158,92693872
2025-04,충청남도,당진시,사업자용,524,815444,143699657
2025-04,충청남도,보령시,자가용,291,225059,30922702
2025-04,충청남도,보령시,사업자용,239,296509,73923575
2025-04,충청남도,부여군,자가용,364,179469,25381004
2025-04,충청남도,부여군,사업자용,125,196806,42957695
2025-04,충청남도,서산시,자가용,346,255297,39041850
2025-04,충청남도,서산시,사업자용,426,786862,134939006
2025-04,충청남도,서천군,자가용,234,103558,15248613
2025-04,충청남도,서천군,사업자용,126,172203,42304065
2025-04,충청남도,아산시,자가용,680,753473,109178405
2025-04,충청남도,아산시,사업자용,1092,1463240,239451484
2025-04,충청남도,예산군,자가용,362,164434,24723992
2025-04,충청남도,예산군,사업자용,216,395775,79275907
2025-04,충청남도,청양군,자가용,123,60807,8739331
2025-04,충청남도,청양군,사업자용,56,53489,13590955
2025-04,충청남도,태안군,자가용,206,81464,12449831
2025-04,충청남도,태안군,사업자용,158,183815,45815587
2025-04,충청남도,홍성군,자가용,217,184160,28138943
2025-04,충청남도,홍성군,사업자용,276,382845,69937966
2025-04,충청남도,천안시 동남구,자가용,323,777047,99653708
2025-04,충청남도,천안시 동남구,사업자용,685,1006011,174437800
2025-04,충청남도,천안시 서북구,자가용,283,479954,69516771
2025-04,충청남도,천안시 서북구,사업자용,985,1615128,247485855
2025-04,충청북도,괴산군,자가용,201,83005,12203220
2025-04,충청북도,괴산군,사업자용,90,241411,46171825
2025-04,충청북도,단양군,자가용,171,82194,11429883
2025-04,충청북도,단양군,사업자용,75,141370,32195452
2025-04,충청북도,보은군,자가용,210,91705,13404691
2025-04,충청북도,보은군,사업자용,75,165297,31985978
2025-04,충청북도,영동군,자가용,251,110189,16144442
2025-04,충청북도,영동군,사업자용,91,120075,38425049
2025-04,충청북도,옥천군,자가용,266,121336,18624472
2025-04,충청북도,옥천군,사업자용,110,191131,39186996
2025-04,충청북도,음성군,자가용,277,165374,25016584
2025-04,충청북도,음성군,사업자용,256,473482,87550508
2025-04,충청북도,제천시,자가용,508,257413,38213667
2025-04,충청북도,제천시,사업자용,341,525561,97367812
2025-04,충청북도,증평군,자가용,65,42340,6116267
2025-04,충청북도,증평군,사업자용,91,117363,22690396
2025-04,충청북도,진천군,자가용,247,115654,18328932
2025-04,충청북도,진천군,사업자용,299,420106,75621616
2025-04,충청북도,충주시,자가용,642,427685,60856807
2025-04,충청북도,충주시,사업자용,604,1145551,196975087
2025-04,충청북도,청주시 상당구,자가용,375,559189,70330245
2025-04,충청북도,청주시 상당구,사업자용,470,1026996,144929337
2025-04,충청북도,청주시 서원구,자가용,315,521506,71141204
2025-04,충청북도,청주시 서원구,사업자용,478,809262,124309741
2025-04,충청북도,청주시 청원구,자가용,349,301121,42174456
2025-04,충청북도,청주시 청원구,사업자용,566,1004197,160555763
2025-04,충청북도,청주시 흥덕구,자가용,417,654449,86819583
2025-04,충청북도,청주시 흥덕구,사업자용,714,1439663,219873488
2025-04,광주광역시,남구,자가용,186,88236,15023330
2025-04,광주광역시,남구,사업자용,547,657971,97334270
2025-04,광주광역시,동구,자가용,113,70845,10578912
2025-04,광주광역시,동구,사업자용,312,415845,67585030
2025-04,광주광역시,북구,자가용,391,278953,40645128
2025-04,광주광역시,북구,사업자용,1005,1522037,241419116
2025-04,광주광역시,서구,자가용,270,318820,45488301
2025-04,광주광역시,서구,사업자용,815,1110402,183688658
2025-04,광주광역시,광산구,자가용,504,257667,42017917
2025-04,광주광역시,광산구,사업자용,1125,1527956,245049897
2025-04,대구광역시,남구,자가용,234,138771,20388393
2025-04,대구광역시,남구,사업자용,164,234975,38158185
2025-04,대구광역시,동구,자가용,496,541449,75881653
2025-04,대구광역시,동구,사업자용,792,1316120,213654360
2025-04,대구광역시,북구,자가용,426,415088,55324643
2025-04,대구광역시,북구,사업자용,1059,1744128,275735266
2025-04,대구광역시,서구,자가용,250,204499,30206001
2025-04,대구광역시,서구,사업자용,182,247652,40308330
2025-04,대구광역시,중구,자가용,105,133967,19325718
2025-04,대구광역시,중구,사업자용,197,263135,40748142
2025-04,대구광역시,군위군,자가용,123,68054,9550277
2025-04,대구광역시,군위군,사업자용,71,286726,50195020
2025-04,대구광역시,달서구,자가용,485,418884,61746037
2025-04,대구광역시,달서구,사업자용,1121,2022131,304872039
2025-04,대구광역시,달성군,자가용,449,341184,49104660
2025-04,대구광역시,달성군,사업자용,754,1396797,223377100
2025-04,대구광역시,수성구,자가용,461,305512,46329288
2025-04,대구광역시,수성구,사업자용,934,1441285,215806660
2025-04,대전광역시,동구,자가용,295,280432,40021073
2025-04,대전광역시,동구,사업자용,419,714751,106618036
2025-04,대전광역시,서구,자가용,377,235433,35954042
2025-04,대전광역시,서구,사업자용,1032,1705123,256325351
2025-04,대전광역시,중구,자가용,275,329453,46898570
2025-04,대전광역시,중구,사업자용,446,662472,108375502
2025-04,대전광역시,대덕구,자가용,243,520644,66098622
2025-04,대전광역시,대덕구,사업자용,396,685030,109057546
2025-04,대전광역시,유성구,자가용,360,528374,74684893
2025-04,대전광역시,유성구,사업자용,1351,1904970,299450394
2025-04,부산광역시,남구,자가용,107,161624,23954520
2025-04,부산광역시,남구,사업자용,544,1167256,158470502
2025-04,부산광역시,동구,자가용,51,33360,5630515
2025-04,부산광역시,동구,사업자용,117,200299,29375343
2025-04,부산광역시,북구,자가용,65,35714,5710790
2025-04,부산광역시,북구,사업자용,571,799953,114213227
2025-04,부산광역시,서구,자가용,37,30759,4615907
2025-04,부산광역시,서구,사업자용,151,182907,31301561
2025-04,부산광역시,중구,자가용,20,10666,1957470
2025-04,부산광역시,중구,사업자용,45,48242,10478047
2025-04,부산광역시,강서구,자가용,216,123175,21565418
2025-04,부산광역시,강서구,사업자용,514,960160,142497617
2025-04,부산광역시,금정구,자가용,166,142287,19346498
2025-04,부산광역시,금정구,사업자용,434,1008483,139641925
2025-04,부산광역시,기장군,자가용,234,747597,93396029
2025-04,부산광역시,기장군,사업자용,347,781088,130775229
2025-04,부산광역시,동래구,자가용,118,69116,9983616
2025-04,부산광역시,동래구,사업자용,485,822636,114576234
2025-04,부산광역시,사상구,자가용,95,60861,10133226
2025-04,부산광역시,사상구,사업자용,472,806088,123136384
2025-04,부산광역시,사하구,자가용,123,74291,11471114
2025-04,부산광역시,사하구,사업자용,573,714108,109786672
2025-04,부산광역시,수영구,자가용,103,288832,37270536
2025-04,부산광역시,수영구,사업자용,290,839626,109492815
2025-04,부산광역시,연제구,자가용,89,48072,8831668
2025-04,부산광역시,연제구,사업자용,457,838640,117151701
2025-04,부산광역시,영도구,자가용,54,709401,85522352
2025-04,부산광역시,영도구,사업자용,172,253706,41227739
2025-04,부산광역시,부산진구,자가용,127,363181,44968104
2025-04,부산광역시,부산진구,사업자용,645,906714,126678798
2025-04,부산광역시,해운대구,자가용,131,568480,71209099
2025-04,부산광역시,해운대구,사업자용,1120,1837362,258833657
2025-04,서울특별시,중구,자가용,94,207532,32542470
2025-04,서울특별시,중구,사업자용,401,581436,96324382
2025-04,서울특별시,강남구,자가용,392,322592,59508712
2025-04,서울특별시,강남구,사업자용,1239,1886229,284046477
2025-04,서울특별시,강동구,자가용,290,959776,125931710
2025-04,서울특별시,강동구,사업자용,622,975674,138388347
2025-04,서울특별시,강북구,자가용,192,534801,68774347
2025-04,서울특별시,강북구,사업자용,296,395302,66829108
2025-04,서울특별시,강서구,자가용,192,689900,89524064
2025-04,서울특별시,강서구,사업자용,1042,1359454,213120842
2025-04,서울특별시,관악구,자가용,199,305409,40944652
2025-04,서울특별시,관악구,사업자용,406,493978,77403975
2025-04,서울특별시,광진구,자가용,217,232533,31258490
2025-04,서울특별시,광진구,사업자용,337,465990,71349608
2025-04,서울특별시,구로구,자가용,113,462774,56337616
2025-04,서울특별시,구로구,사업자용,674,885533,137029425
2025-04,서울특별시,금천구,자가용,94,575246,69147435
2025-04,서울특별시,금천구,사업자용,430,599976,100903730
2025-04,서울특별시,노원구,자가용,97,539313,71337773
2025-04,서울특별시,노원구,사업자용,723,918769,146179764
2025-04,서울특별시,도봉구,자가용,152,972646,117629730
2025-04,서울특별시,도봉구,사업자용,389,730448,110983096
2025-04,서울특별시,동작구,자가용,175,164138,24635799
2025-04,서울특별시,동작구,사업자용,484,520321,78537130
2025-04,서울특별시,마포구,자가용,191,388436,52455802
2025-04,서울특별시,마포구,사업자용,705,870587,123692092
2025-04,서울특별시,서초구,자가용,344,444363,63171923
2025-04,서울특별시,서초구,사업자용,975,1623122,244197363
2025-04,서울특별시,성동구,자가용,115,322138,42665121
2025-04,서울특별시,성동구,사업자용,671,886172,150702660
2025-04,서울특별시,성북구,자가용,256,691270,86419861
2025-04,서울특별시,성북구,사업자용,684,769475,117121810
2025-04,서울특별시,송파구,자가용,305,476170,66725902
2025-04,서울특별시,송파구,사업자용,810,2030335,287495011
2025-04,서울특별시,양천구,자가용,148,846977,104474172
2025-04,서울특별시,양천구,사업자용,497,846316,130880440
2025-04,서울특별시,용산구,자가용,159,201198,30488151
2025-04,서울특별시,용산구,사업자용,384,582667,92800875
2025-04,서울특별시,은평구,자가용,246,979526,122767157
2025-04,서울특별시,은평구,사업자용,620,900448,130086470
2025-04,서울특별시,종로구,자가용,273,154957,27908399
2025-04,서울특별시,종로구,사업자용,306,375776,66406416
2025-04,서울특별시,중랑구,자가용,227,1364612,162936504
2025-04,서울특별시,중랑구,사업자용,524,779869,118169072
2025-04,서울특별시,동대문구,자가용,125,96648,13424586
2025-04,서울특별시,동대문구,사업자용,484,553872,87869674
2025-04,서울특별시,서대문구,자가용,184,498404,63835621
2025-04,서울특별시,서대문구,사업자용,522,528218,47466970
2025-04,서울특별시,영등포구,자가용,121,309462,42670646
2025-04,서울특별시,영등포구,사업자용,797,1133417,186165990
2025-04,울산광역시,남구,자가용,243,133582,23478652
2025-04,울산광역시,남구,사업자용,658,827739,136762229
2025-04,울산광역시,동구,자가용,73,51779,8816531
2025-04,울산광역시,동구,사업자용,256,212747,39716223
2025-04,울산광역시,북구,자가용,165,132847,19892892
2025-04,울산광역시,북구,사업자용,551,768804,129300450
2025-04,울산광역시,중구,자가용,196,135175,21662930
2025-04,울산광역시,중구,사업자용,378,359103,62245182
2025-04,울산광역시,울주군,자가용,484,279344,44867042
2025-04,울산광역시,울주군,사업자용,540,1146483,174765527
2025-04,인천광역시,동구,자가용,24,87535,12222980
2025-04,인천광역시,동구,사업자용,133,161661,27849736
2025-04,인천광역시,서구,자가용,355,1369962,179447965
2025-04,인천광역시,서구,사업자용,1584,2768469,396447301
2025-04,인천광역시,중구,자가용,244,823594,105018473
2025-04,인천광역시,중구,사업자용,457,1009193,153105282
2025-04,인천광역시,강화군,자가용,602,270757,41290449
2025-04,인천광역시,강화군,사업자용,152,597018,88427421
2025-04,인천광역시,계양구,자가용,84,137296,18034778
2025-04,인천광역시,계양구,사업자용,453,715450,113740798
2025-04,인천광역시,남동구,자가용,200,249955,36741587
2025-04,인천광역시,남동구,사업자용,1004,1531064,233515044
2025-04,인천광역시,부평구,자가용,126,283576,37634859
2025-04,인천광역시,부평구,사업자용,744,1105623,163551134
2025-04,인천광역시,연수구,자가용,105,925064,113134837
2025-04,인천광역시,연수구,사업자용,1149,2257921,319682520
2025-04,인천광역시,옹진군,자가용,33,6315,1273825
2025-04,인천광역시,옹진군,사업자용,35,12337,6366204
2025-04,인천광역시,미추홀구,자가용,149,179197,24802560
2025-04,인천광역시,미추홀구,사업자용,554,861601,135711971
2025-04,강원특별자치도,강릉시,자가용,737,538903,76041236
2025-04,강원특별자치도,강릉시,사업자용,579,1044476,187349336
2025-04,강원특별자치도,고성군,자가용,126,48426,7633221
2025-04,강원특별자치도,고성군,사업자용,110,120111,29631938
2025-04,강원특별자치도,동해시,자가용,180,88901,13994299
2025-04,강원특별자치도,동해시,사업자용,246,264123,52347158
2025-04,강원특별자치도,삼척시,자가용,218,107469,16977155
2025-04,강원특별자치도,삼척시,사업자용,193,209512,54322913
2025-04,강원특별자치도,속초시,자가용,139,74573,10431334
2025-04,강원특별자치도,속초시,사업자용,327,430174,75927518
2025-04,강원특별자치도,양구군,자가용,71,35057,5234724
2025-04,강원특별자치도,양구군,사업자용,63,63298,16675703
2025-04,강원특별자치도,양양군,자가용,138,47402,7915188
2025-04,강원특별자치도,양양군,사업자용,99,173880,39943373
2025-04,강원특별자치도,영월군,자가용,144,66366,9835773
2025-04,강원특별자치도,영월군,사업자용,99,100412,25518189
2025-04,강원특별자치도,원주시,자가용,568,313742,50255874
2025-04,강원특별자치도,원주시,사업자용,1114,2087598,325731721
2025-04,강원특별자치도,인제군,자가용,92,48124,8696163
2025-04,강원특별자치도,인제군,사업자용,122,209760,42446068
2025-04,강원특별자치도,정선군,자가용,86,103569,17593593
2025-04,강원특별자치도,정선군,사업자용,133,179564,39366950
2025-04,강원특별자치도,철원군,자가용,139,64086,9945042
2025-04,강원특별자치도,철원군,사업자용,99,74732,27793075
2025-04,강원특별자치도,춘천시,자가용,752,413768,64079927
2025-04,강원특별자치도,춘천시,사업자용,817,1697988,255240185
2025-04,강원특별자치도,태백시,자가용,68,51896,9048232
2025-04,강원특별자치도,태백시,사업자용,98,141275,27735691
2025-04,강원특별자치도,평창군,자가용,205,110037,17545771
2025-04,강원특별자치도,평창군,사업자용,177,227735,49191180
2025-04,강원특별자치도,홍천군,자가용,236,133251,19531412
2025-04,강원특별자치도,홍천군,사업자용,182,309183,63567069
2025-04,강원특별자치도,화천군,자가용,56,30041,5375783
2025-04,강원특별자치도,화천군,사업자용,65,63281,12978691
2025-04,강원특별자치도,횡성군,자가용,225,149256,21584007
2025-04,강원특별자치도,횡성군,사업자용,141,228542,45536677
2025-04,세종특별자치시,,자가용,441,765068,105172117
2025-04,세종특별자치시,,사업자용,1409,3050560,429488703
2025-04,전북특별자치도,고창군,자가용,225,111210,17148867
2025-04,전북특별자치도,고창군,사업자용,136,242275,54819261
2025-04,전북특별자치도,군산시,자가용,473,552311,74600256
2025-04,전북특별자치도,군산시,사업자용,831,1690444,278051924
2025-04,전북특별자치도,김제시,자가용,384,179126,30594252
2025-04,전북특별자치도,김제시,사업자용,186,184292,46316128
2025-04,전북특별자치도,남원시,자가용,311,187245,29595560
2025-04,전북특별자치도,남원시,사업자용,219,334098,74117237
2025-04,전북특별자치도,무주군,자가용,116,55804,11767821
2025-04,전북특별자치도,무주군,사업자용,92,105368,27653513
2025-04,전북특별자치도,부안군,자가용,159,65857,10361860
2025-04,전북특별자치도,부안군,사업자용,154,196621,53323508
2025-04,전북특별자치도,순창군,자가용,129,58622,10308013
2025-04,전북특별자치도,순창군,사업자용,66,107438,23397826
2025-04,전북특별자치도,완주군,자가용,412,200569,30089309
2025-04,전북특별자치도,완주군,사업자용,317,452650,83486936
2025-04,전북특별자치도,익산시,자가용,642,322888,52404219
2025-04,전북특별자치도,익산시,사업자용,655,1084449,172551937
2025-04,전북특별자치도,임실군,자가용,105,53933,9812628
2025-04,전북특별자치도,임실군,사업자용,76,201435,43390061
2025-04,전북특별자치도,장수군,자가용,114,58181,9187432
2025-04,전북특별자치도,장수군,사업자용,49,80315,22810047
2025-04,전북특별자치도,정읍시,자가용,472,213629,34464065
2025-04,전북특별자치도,정읍시,사업자용,326,383414,86990688
2025-04,전북특별자치도,진안군,자가용,113,51167,8947204
2025-04,전북특별자치도,진안군,사업자용,76,100625,31153886
2025-04,전북특별자치도,전주시 덕진구,자가용,471,537858,78537664
2025-04,전북특별자치도,전주시 덕진구,사업자용,897,1443223,227842974
2025-04,전북특별자치도,전주시 완산구,자가용,365,198192,30944020
2025-04,전북특별자치도,전주시 완산구,사업자용,897,1256361,198621461
2025-04,제주특별자치도,제주시,자가용,11589,5486596,834363507
2025-04,제주특별자치도,제주시,사업자용,1884,3514285,599917759
2025-04,제주특별자치도,서귀포시,자가용,5713,2190601,347680834
2025-04,제주특별자치도,서귀포시,사업자용,971,1557163,278322677
2025-05,경기도,가평군,자가용,296,144929,21314310
2025-05,경기도,가평군,사업자용,292,536679,89185607
2025-05,경기도,과천시,자가용,92,153343,23360709
2025-05,경기도,과천시,사업자용,158,480562,74068326
2025-05,경기도,광명시,자가용,82,720609,85875552
2025-05,경기도,광명시,사업자용,380,1147090,149980975
2025-05,경기도,광주시,자가용,879,577247,80092860
2025-05,경기도,광주시,사업자용,779,1700628,247975062
2025-05,경기도,구리시,자가용,117,105136,16703068
2025-05,경기도,구리시,사업자용,412,706511,106612705
2025-05,경기도,군포시,자가용,78,972907,115855542
2025-05,경기도,군포시,사업자용,457,786672,120389101
2025-05,경기도,김포시,자가용,560,769328,109440903
2025-05,경기도,김포시,사업자용,1420,3300552,463778613
2025-05,경기도,시흥시,자가용,179,125876,20243981
2025-05,경기도,시흥시,사업자용,1414,2665431,380866772
2025-05,경기도,안성시,자가용,404,254144,40472490
2025-05,경기도,안성시,사업자용,511,1283182,194586400
2025-05,경기도,양주시,자가용,377,546280,72667735
2025-05,경기도,양주시,사업자용,954,1841858,265393377
2025-05,경기도,양평군,자가용,1088,586231,84900124
2025-05,경기도,양평군,사업자용,220,472231,79448270
2025-05,경기도,여주시,자가용,550,273916,42515652
2025-05,경기도,여주시,사업자용,287,749849,121325308
2025-05,경기도,연천군,자가용,159,68131,10067374
2025-05,경기도,연천군,사업자용,103,213984,40789544
2025-05,경기도,오산시,자가용,127,125404,19850644
2025-05,경기도,오산시,사업자용,592,1193838,168222453
2025-05,경기도,의왕시,자가용,115,215826,34953316
2025-05,경기도,의왕시,사업자용,425,739389,113228634
2025-05,경기도,이천시,자가용,523,264093,42272358
2025-05,경기도,이천시,사업자용,539,1118896,175700282
2025-05,경기도,파주시,자가용,785,844627,116858784
2025-05,경기도,파주시,사업자용,1328,3573295,489762118
2025-05,경기도,평택시,자가용,630,1137879,161351657
2025-05,경기도,평택시,사업자용,1452,2989329,430144779
2025-05,경기도,포천시,자가용,448,547216,68821424
2025-05,경기도,포천시,사업자용,355,785869,127054983
2025-05,경기도,하남시,자가용,259,399683,57608290
2025-05,경기도,하남시,사업자용,810,2026227,279873358
2025-05,경기도,화성시,자가용,858,987490,148348207
2025-05,경기도,화성시,사업자용,2741,5895876,826863202
2025-05,경기도,남양주시,자가용,734,541600,78273154
2025-05,경기도,남양주시,사업자용,1847,3774908,525443357
2025-05,경기도,동두천시,자가용,117,101129,13927564
2025-05,경기도,동두천시,사업자용,190,246698,45311845
2025-05,경기도,의정부시,자가용,194,334867,46313234
2025-05,경기도,의정부시,사업자용,980,1779649,258727264
2025-05,경기도,고양시 덕양구,자가용,319,359127,53072247
2025-05,경기도,고양시 덕양구,사업자용,751,2035642,289969187
2025-05,경기도,부천시 소사구,자가용,98,378058,47386722
2025-05,경기도,부천시 소사구,사업자용,331,758869,105638631
2025-05,경기도,부천시 오정구,자가용,99,779901,95613789
2025-05,경기도,부천시 오정구,사업자용,122,1680868,201541544
2025-05,경기도,부천시 원미구,자가용,154,372922,49608745
2025-05,경기도,부천시 원미구,사업자용,712,1048819,157159393
2025-05,경기도,성남시 분당구,자가용,431,815202,105817242
2025-05,경기도,성남시 분당구,사업자용,1485,2975879,422243219
2025-05,경기도,성남시 수정구,자가용,196,629787,85110908
2025-05,경기도,성남시 수정구,사업자용,445,751924,111177491
2025-05,경기도,성남시 중원구,자가용,108,794367,92026284
2025-05,경기도,성남시 중원구,사업자용,405,1203059,164559074
2025-05,경기도,수원시 권선구,자가용,161,223398,32198904
2025-05,경기도,수원시 권선구,사업자용,778,2645088,342924500
2025-05,경기도,수원시 영통구,자가용,123,181067,28280984
2025-05,경기도,수원시 영통구,사업자용,1013,2764857,359845700
2025-05,경기도,수원시 장안구,자가용,76,104800,15938697
2025-05,경기도,수원시 장안구,사업자용,460,1101405,153296913
2025-05,경기도,수원시 팔달구,자가용,74,64229,11602791
2025-05,경기도,수원시 팔달구,사업자용,378,648786,101689072
2025-05,경기도,안산시 단원구,자가용,231,83419,17633124
2025-05,경기도,안산시 단원구,사업자용,818,1112381,198709626
2025-05,경기도,안산시 상록구,자가용,177,95771,15836071
2025-05,경기도,안산시 상록구,사업자용,377,522868,93293698
2025-05,경기도,안양시 동안구,자가용,75,325793,41196906
2025-05,경기도,안양시 동안구,사업자용,641,1455197,203164131
2025-05,경기도,안양시 만안구,자가용,81,105193,15514338
2025-05,경기도,안양시 만안구,사업자용,356,1450111,185238742
2025-05,경기도,용인시 기흥구,자가용,474,244672,38650530
2025-05,경기도,용인시 기흥구,사업자용,1428,2087957,305157727
2025-05,경기도,용인시 수지구,자가용,329,125809,19818393
2025-05,경기도,용인시 수지구,사업자용,1211,1508597,217156932
2025-05,경기도,용인시 처인구,자가용,872,886681,121115849
2025-05,경기도,용인시 처인구,사업자용,557,1862357,266302907
2025-05,경기도,고양시 일산동구,자가용,292,568502,74927870
2025-05,경기도,고양시 일산동구,사업자용,796,2035105,285720150
2025-05,경기도,고양시 일산서구,자가용,137,261276,37021484
2025-05,경기도,고양시 일산서구,사업자용,679,1753184,252952154
2025-05,경상남도,거제시,자가용,304,380581,50623609
2025-05,경상남도,거제시,사업자용,754,575581,110147910
2025-05,경상남도,거창군,자가용,167,139413,19726275
2025-05,경상남도,거창군,사업자용,111,181775,36169326
2025-05,경상남도,고성군,자가용,231,136130,22022745
2025-05,경상남도,고성군,사업자용,118,131967,34555591
2025-05,경상남도,김해시,자가용,489,545409,73124574
2025-05,경상남도,김해시,사업자용,1428,2545722,371475098
2025-05,경상남도,남해군,자가용,225,106735,16639556
2025-05,경상남도,남해군,사업자용,131,99621,24670173
2025-05,경상남도,밀양시,자가용,475,323111,46450463
2025-05,경상남도,밀양시,사업자용,233,265019,56204086
2025-05,경상남도,사천시,자가용,197,181084,25402149
2025-05,경상남도,사천시,사업자용,245,402419,80060597
2025-05,경상남도,산청군,자가용,234,93107,14208280
2025-05,경상남도,산청군,사업자용,219,187648,52236657
2025-05,경상남도,양산시,자가용,359,403941,58749053
2025-05,경상남도,양산시,사업자용,910,1955424,279530932
2025-05,경상남도,의령군,자가용,79,31128,5227488
2025-05,경상남도,의령군,사업자용,84,53781,18935788
2025-05,경상남도,진주시,자가용,885,1394729,175327281
2025-05,경상남도,진주시,사업자용,819,1419842,242421824
2025-05,경상남도,창녕군,자가용,209,94253,13600003
2025-05,경상남도,창녕군,사업자용,154,221763,47189127
2025-05,경상남도,통영시,자가용,167,156540,24662193
2025-05,경상남도,통영시,사업자용,280,385472,71915526
2025-05,경상남도,하동군,자가용,185,112193,17704277
2025-05,경상남도,하동군,사업자용,182,101683,29761479
2025-05,경상남도,함안군,자가용,183,108004,15925932
2025-05,경상남도,함안군,사업자용,149,299198,58071566
2025-05,경상남도,함양군,자가용,137,80414,11917490
2025-05,경상남도,함양군,사업자용,96,152113,33019308
2025-05,경상남도,합천군,자가용,236,141915,20248350
2025-05,경상남도,합천군,사업자용,114,116011,34015708
2025-05,경상남도,창원시 성산구,자가용,252,358246,47620870
2025-05,경상남도,창원시 성산구,사업자용,641,1388766,217873890
2025-05,경상남도,창원시 의창구,자가용,438,199080,29921599
2025-05,경상남도,창원시 의창구,사업자용,516,625120,99281809
2025-05,경상남도,창원시 진해구,자가용,135,165768,23451226
2025-05,경상남도,창원시 진해구,사업자용,467,543102,87180997
2025-05,경상남도,창원시 마산합포구,자가용,215,657593,85363828
2025-05,경상남도,창원시 마산합포구,사업자용,418,1476203,198558263
2025-05,경상남도,창원시 마산회원구,자가용,176,104490,17011061
2025-05,경상남도,창원시 마산회원구,사업자용,342,438349,74037110
2025-05,경상북도,경산시,자가용,439,261097,38563281
2025-05,경상북도,경산시,사업자용,751,1230516,204284055
2025-05,경상북도,경주시,자가용,887,404738,59310556
2025-05,경상북도,경주시,사업자용,578,1319832,213706572
2025-05,경상북도,고령군,자가용,152,63516,10152816
2025-05,경상북도,고령군,사업자용,80,70615,23261103
2025-05,경상북도,구미시,자가용,504,273124,46250437
2025-05,경상북도,구미시,사업자용,1002,1483278,258512837
2025-05,경상북도,김천시,자가용,367,155299,24282005
2025-05,경상북도,김천시,사업자용,387,617515,117113021
2025-05,경상북도,문경시,자가용,200,123408,19303375
2025-05,경상북도,문경시,사업자용,114,415736,64758147
2025-05,경상북도,봉화군,자가용,84,41471,7118027
2025-05,경상북도,봉화군,사업자용,39,47719,19090211
2025-05,경상북도,상주시,자가용,385,247578,38354695
2025-05,경상북도,상주시,사업자용,185,339521,66539872
2025-05,경상북도,성주군,자가용,254,114893,18006991
2025-05,경상북도,성주군,사업자용,115,230290,47418900
2025-05,경상북도,안동시,자가용,411,323043,49052324
2025-05,경상북도,안동시,사업자용,391,674718,123123125
2025-05,경상북도,영덕군,자가용,163,92567,15972483
2025-05,경상북도,영덕군,사업자용,48,116858,27098975
2025-05,경상북도,영양군,자가용,45,28864,4623100
2025-05,경상북도,영양군,사업자용,36,30211,12183466
2025-05,경상북도,영주시,자가용,293,176390,25543618
2025-05,경상북도,영주시,사업자용,192,235069,56143491
2025-05,경상북도,영천시,자가용,283,315241,43573073
2025-05,경상북도,영천시,사업자용,254,331928,73847376
2025-05,경상북도,예천군,자가용,220,105531,15934155
2025-05,경상북도,예천군,사업자용,112,234357,36402131
2025-05,경상북도,울릉군,자가용,142,27497,5528638
2025-05,경상북도,울릉군,사업자용,14,32917,6424237
2025-05,경상북도,울진군,자가용,165,89002,13959084
2025-05,경상북도,울진군,사업자용,117,195464,44967737
2025-05,경상북도,의성군,자가용,164,79687,15451638
2025-05,경상북도,의성군,사업자용,59,83281,22440175
2025-05,경상북도,청도군,자가용,262,111954,17562374
2025-05,경상북도,청도군,사업자용,75,267813,43199070
2025-05,경상북도,청송군,자가용,113,83948,12011482
2025-05,경상북도,청송군,사업자용,71,98554,29497005
2025-05,경상북도,칠곡군,자가용,278,173145,27475561
2025-05,경상북도,칠곡군,사업자용,282,590242,98875631
2025-05,경상북도,포항시 남구,자가용,500,566692,76706626
2025-05,경상북도,포항시 남구,사업자용,681,675970,136168752
2025-05,경상북도,포항시 북구,자가용,548,644387,90805602
2025-05,경상북도,포항시 북구,사업자용,811,1102362,188014789
2025-05,전라남도,강진군,자가용,118,44367,6826493
2025-05,전라남도,강진군,사업자용,73,76244,22395228
2025-05,전라남도,고흥군,자가용,228,73726,12949312
2025-05,전라남도,고흥군,사업자용,105,123107,27070399
2025-05,전라남도,곡성군,자가용,143,83562,13041486
2025-05,전라남도,곡성군,사업자용,63,113776,24084297
2025-05,전라남도,광양시,자가용,490,548787,73579917
2025-05,전라남도,광양시,사업자용,492,648519,119376251
2025-05,전라남도,구례군,자가용,128,41596,6476887
2025-05,전라남도,구례군,사업자용,99,71814,27905332
2025-05,전라남도,나주시,자가용,515,273691,45746870
2025-05,전라남도,나주시,사업자용,435,668549,114183793
2025-05,전라남도,담양군,자가용,342,148063,23539733
2025-05,전라남도,담양군,사업자용,145,99098,27628778
2025-05,전라남도,목포시,자가용,263,231368,36369977
2025-05,전라남도,목포시,사업자용,513,594911,105084302
2025-05,전라남도,무안군,자가용,214,124822,19606799
2025-05,전라남도,무안군,사업자용,234,291845,57991828
2025-05,전라남도,보성군,자가용,124,111965,18008895
2025-05,전라남도,보성군,사업자용,90,117161,31693205
2025-05,전라남도,순천시,자가용,773,358843,55624021
2025-05,전라남도,순천시,사업자용,709,1138584,187003234
2025-05,전라남도,신안군,자가용,100,42578,9295602
2025-05,전라남도,신안군,사업자용,79,40535,12546777
2025-05,전라남도,여수시,자가용,665,429623,63480389
2025-05,전라남도,여수시,사업자용,688,875101,163223519
2025-05,전라남도,영광군,자가용,367,178743,28474859
2025-05,전라남도,영광군,사업자용,112,170311,33973290
2025-05,전라남도,영암군,자가용,162,50945,8920661
2025-05,전라남도,영암군,사업자용,158,156581,37446972
2025-05,전라남도,완도군,자가용,106,30299,5925235
2025-05,전라남도,완도군,사업자용,82,80621,18212139
2025-05,전라남도,장성군,자가용,222,95498,13904205
2025-05,전라남도,장성군,사업자용,95,146331,32786169
2025-05,전라남도,장흥군,자가용,119,59408,9728486
2025-05,전라남도,장흥군,사업자용,82,89778,20729302
2025-05,전라남도,진도군,자가용,92,38351,5976258
2025-05,전라남도,진도군,사업자용,44,61160,12851277
2025-05,전라남도,함평군,자가용,143,55255,9105915
2025-05,전라남도,함평군,사업자용,104,163716,36074359
2025-05,전라남도,해남군,자가용,182,89390,14307087
2025-05,전라남도,해남군,사업자용,126,137205,36557425
2025-05,전라남도,화순군,자가용,200,133872,19466299
2025-05,전라남도,화순군,사업자용,172,159086,37690428
2025-05,충청남도,계룡시,자가용,62,138087,18141478
2025-05,충청남도,계룡시,사업자용,153,270358,42199431
2025-05,충청남도,공주시,자가용,414,304085,41853032
2025-05,충청남도,공주시,사업자용,306,724321,125461569
2025-05,충청남도,금산군,자가용,277,149282,23016544
2025-05,충청남도,금산군,사업자용,72,187237,32464506
2025-05,충청남도,논산시,자가용,375,244791,34548927
2025-05,충청남도,논산시,사업자용,222,378457,71349938
2025-05,충청남도,당진시,자가용,614,681430,93558291
2025-05,충청남도,당진시,사업자용,528,798897,134022643
2025-05,충청남도,보령시,자가용,292,205417,28860086
2025-05,충청남도,보령시,사업자용,239,306370,75535342
2025-05,충청남도,부여군,자가용,374,170842,24659282
2025-05,충청남도,부여군,사업자용,125,185100,41635848
2025-05,충청남도,서산시,자가용,354,244175,37970925
2025-05,충청남도,서산시,사업자용,445,764658,134577472
2025-05,충청남도,서천군,자가용,236,95114,14343614
2025-05,충청남도,서천군,사업자용,126,171225,42142618
2025-05,충청남도,아산시,자가용,682,738897,107470029
2025-05,충청남도,아산시,사업자용,1092,1375865,230686855
2025-05,충청남도,예산군,자가용,370,164424,24912686
2025-05,충청남도,예산군,사업자용,217,429535,83484341
2025-05,충청남도,청양군,자가용,125,55114,8303072
2025-05,충청남도,청양군,사업자용,56,53212,13803196
2025-05,충청남도,태안군,자가용,209,76266,11962717
2025-05,충청남도,태안군,사업자용,157,203964,48032382
2025-05,충청남도,홍성군,자가용,221,190760,29352189
2025-05,충청남도,홍성군,사업자용,280,376053,70659467
2025-05,충청남도,천안시 동남구,자가용,328,754530,97928254
2025-05,충청남도,천안시 동남구,사업자용,684,977251,172429637
2025-05,충청남도,천안시 서북구,자가용,289,485146,71605032
2025-05,충청남도,천안시 서북구,사업자용,999,1529947,235486348
2025-05,충청북도,괴산군,자가용,206,80748,12048575
2025-05,충청북도,괴산군,사업자용,89,249297,46737078
2025-05,충청북도,단양군,자가용,172,78012,10992360
2025-05,충청북도,단양군,사업자용,75,152199,33683647
2025-05,충청북도,보은군,자가용,208,83739,12585272
2025-05,충청북도,보은군,사업자용,75,164626,31764570
2025-05,충청북도,영동군,자가용,255,102768,15423319
2025-05,충청북도,영동군,사업자용,91,114205,38460546
2025-05,충청북도,옥천군,자가용,266,113250,18126316
2025-05,충청북도,옥천군,사업자용,109,191352,38742232
2025-05,충청북도,음성군,자가용,279,152763,23353430
2025-05,충청북도,음성군,사업자용,256,464523,86749111
2025-05,충청북도,제천시,자가용,515,230525,35389609
2025-05,충청북도,제천시,사업자용,344,541987,101114815
2025-05,충청북도,증평군,자가용,65,38384,5652986
2025-05,충청북도,증평군,사업자용,93,109784,21904017
2025-05,충청북도,진천군,자가용,253,112030,18232704
2025-05,충청북도,진천군,사업자용,311,403867,75485412
2025-05,충청북도,충주시,자가용,648,402865,58185375
2025-05,충청북도,충주시,사업자용,609,1151605,197010930
2025-05,충청북도,청주시 상당구,자가용,381,523691,67360308
2025-05,충청북도,청주시 상당구,사업자용,481,987358,140463797
2025-05,충청북도,청주시 서원구,자가용,314,488392,67361854
2025-05,충청북도,청주시 서원구,사업자용,491,787481,121590284
2025-05,충청북도,청주시 청원구,자가용,358,278801,40012678
2025-05,충청북도,청주시 청원구,사업자용,577,983007,158944939
2025-05,충청북도,청주시 흥덕구,자가용,425,620502,82857655
2025-05,충청북도,청주시 흥덕구,사업자용,734,1408104,217295379
2025-05,광주광역시,남구,자가용,188,81601,14229532
2025-05,광주광역시,남구,사업자용,554,633140,95390769
2025-05,광주광역시,동구,자가용,115,67006,10055265
2025-05,광주광역시,동구,사업자용,312,415690,67489458
2025-05,광주광역시,북구,자가용,396,275627,40459360
2025-05,광주광역시,북구,사업자용,1005,1508502,240320834
2025-05,광주광역시,서구,자가용,275,291786,42596110
2025-05,광주광역시,서구,사업자용,817,1057462,178076294
2025-05,광주광역시,광산구,자가용,508,221039,37620114
2025-05,광주광역시,광산구,사업자용,1130,1501524,243190825
2025-05,대구광역시,남구,자가용,233,133912,20090940
2025-05,대구광역시,남구,사업자용,166,227167,37467540
2025-05,대구광역시,동구,자가용,497,512599,72981010
2025-05,대구광역시,동구,사업자용,813,1263882,208822052
2025-05,대구광역시,북구,자가용,425,395177,53153777
2025-05,대구광역시,북구,사업자용,1064,1706560,273251597
2025-05,대구광역시,서구,자가용,253,200330,29986710
2025-05,대구광역시,서구,사업자용,184,237317,39233269
2025-05,대구광역시,중구,자가용,102,121462,17699811
2025-05,대구광역시,중구,사업자용,204,267590,41615188
2025-05,대구광역시,군위군,자가용,122,61378,8646844
2025-05,대구광역시,군위군,사업자용,69,303595,51660139
2025-05,대구광역시,달서구,자가용,488,409528,59984472
2025-05,대구광역시,달서구,사업자용,1128,1951155,299344624
2025-05,대구광역시,달성군,자가용,452,353124,49368200
2025-05,대구광역시,달성군,사업자용,764,1338542,214562311
2025-05,대구광역시,수성구,자가용,462,283674,43805539
2025-05,대구광역시,수성구,사업자용,935,1408776,212778674
2025-05,대전광역시,동구,자가용,294,265913,38603693
2025-05,대전광역시,동구,사업자용,418,669267,105935448
2025-05,대전광역시,서구,자가용,376,228555,35374464
2025-05,대전광역시,서구,사업자용,1038,1613426,246510696
2025-05,대전광역시,중구,자가용,279,308338,46893144
2025-05,대전광역시,중구,사업자용,460,640661,106417021
2025-05,대전광역시,대덕구,자가용,245,544528,69305474
2025-05,대전광역시,대덕구,사업자용,403,641917,104242206
2025-05,대전광역시,유성구,자가용,360,517019,74660332
2025-05,대전광역시,유성구,사업자용,1362,1811525,291728498
2025-05,부산광역시,남구,자가용,106,156544,23301782
2025-05,부산광역시,남구,사업자용,553,1145785,156032821
2025-05,부산광역시,동구,자가용,51,30213,5226158
2025-05,부산광역시,동구,사업자용,117,203267,29635977
2025-05,부산광역시,북구,자가용,66,32123,5456242
2025-05,부산광역시,북구,사업자용,584,778992,111753131
2025-05,부산광역시,서구,자가용,37,28261,4350484
2025-05,부산광역시,서구,사업자용,150,173324,30318954
2025-05,부산광역시,중구,자가용,22,10954,2020175
2025-05,부산광역시,중구,사업자용,45,52150,10931937
2025-05,부산광역시,강서구,자가용,219,113419,20574903
2025-05,부산광역시,강서구,사업자용,515,918125,137928659
2025-05,부산광역시,금정구,자가용,171,130566,18245592
2025-05,부산광역시,금정구,사업자용,438,949668,133425389
2025-05,부산광역시,기장군,자가용,233,729132,91219518
2025-05,부산광역시,기장군,사업자용,343,814239,133551116
2025-05,부산광역시,동래구,자가용,121,67805,9869122
2025-05,부산광역시,동래구,사업자용,490,815357,114981881
2025-05,부산광역시,사상구,자가용,97,55356,9873957
2025-05,부산광역시,사상구,사업자용,477,793275,113423174
2025-05,부산광역시,사하구,자가용,123,66760,10602879
2025-05,부산광역시,사하구,사업자용,589,695182,108380714
2025-05,부산광역시,수영구,자가용,102,267111,34900277
2025-05,부산광역시,수영구,사업자용,300,816126,107002404
2025-05,부산광역시,연제구,자가용,89,45889,8600381
2025-05,부산광역시,연제구,사업자용,454,819989,115092163
2025-05,부산광역시,영도구,자가용,54,684012,82310644
2025-05,부산광역시,영도구,사업자용,172,243106,39803841
2025-05,부산광역시,부산진구,자가용,127,331971,41985857
2025-05,부산광역시,부산진구,사업자용,649,896683,127733890
2025-05,부산광역시,해운대구,자가용,131,504948,64702363
2025-05,부산광역시,해운대구,사업자용,1125,1782453,253170184
2025-05,서울특별시,중구,자가용,93,206379,32396008
2025-05,서울특별시,중구,사업자용,403,553063,93298486
2025-05,서울특별시,강남구,자가용,402,304052,65393486
2025-05,서울특별시,강남구,사업자용,1248,1846779,281009475
2025-05,서울특별시,강동구,자가용,293,951479,124928543
2025-05,서울특별시,강동구,사업자용,628,935608,135150369
2025-05,서울특별시,강북구,자가용,193,516233,66762327
2025-05,서울특별시,강북구,사업자용,295,374371,64521528
2025-05,서울특별시,강서구,자가용,195,628856,83161039
2025-05,서울특별시,강서구,사업자용,1052,1296057,207305937
2025-05,서울특별시,관악구,자가용,200,295022,39790568
2025-05,서울특별시,관악구,사업자용,419,458687,73937972
2025-05,서울특별시,광진구,자가용,222,211636,29157837
2025-05,서울특별시,광진구,사업자용,339,434841,68480048
2025-05,서울특별시,구로구,자가용,115,432396,53633209
2025-05,서울특별시,구로구,사업자용,683,837291,136301821
2025-05,서울특별시,금천구,자가용,89,569896,68285809
2025-05,서울특별시,금천구,사업자용,434,558359,96660637
2025-05,서울특별시,노원구,자가용,96,530419,70335131
2025-05,서울특별시,노원구,사업자용,729,879331,142874438
2025-05,서울특별시,도봉구,자가용,150,954853,115505466
2025-05,서울특별시,도봉구,사업자용,389,687683,106081823
2025-05,서울특별시,동작구,자가용,178,148615,23045214
2025-05,서울특별시,동작구,사업자용,480,498980,76559312
2025-05,서울특별시,마포구,자가용,193,380729,52201794
2025-05,서울특별시,마포구,사업자용,710,831474,138333285
2025-05,서울특별시,서초구,자가용,343,386849,56401456
2025-05,서울특별시,서초구,사업자용,978,1523492,234270310
2025-05,서울특별시,성동구,자가용,116,295100,40276594
2025-05,서울특별시,성동구,사업자용,673,833797,135551556
2025-05,서울특별시,성북구,자가용,259,694700,86499776
2025-05,서울특별시,성북구,사업자용,685,736225,113911824
2025-05,서울특별시,송파구,자가용,306,430380,58991671
2025-05,서울특별시,송파구,사업자용,810,1915479,275822720
2025-05,서울특별시,양천구,자가용,153,733797,92813444
2025-05,서울특별시,양천구,사업자용,499,884889,134802160
2025-05,서울특별시,용산구,자가용,161,193313,29882604
2025-05,서울특별시,용산구,사업자용,384,560677,90214700
2025-05,서울특별시,은평구,자가용,248,944465,119176219
2025-05,서울특별시,은평구,사업자용,627,886744,129637869
2025-05,서울특별시,종로구,자가용,276,133152,25509026
2025-05,서울특별시,종로구,사업자용,307,361306,64847766
2025-05,서울특별시,중랑구,자가용,230,1177781,145637291
2025-05,서울특별시,중랑구,사업자용,529,732726,113597033
2025-05,서울특별시,동대문구,자가용,122,87355,12363816
2025-05,서울특별시,동대문구,사업자용,494,534801,86855698
2025-05,서울특별시,서대문구,자가용,186,491852,63605962
2025-05,서울특별시,서대문구,사업자용,528,515319,85470721
2025-05,서울특별시,영등포구,자가용,121,291304,40586155
2025-05,서울특별시,영등포구,사업자용,804,1081191,180840561
2025-05,울산광역시,남구,자가용,244,128853,22592870
2025-05,울산광역시,남구,사업자용,667,815704,147062311
2025-05,울산광역시,동구,자가용,76,42284,6810396
2025-05,울산광역시,동구,사업자용,258,200936,38603338
2025-05,울산광역시,북구,자가용,165,129933,19643091
2025-05,울산광역시,북구,사업자용,551,758754,128454499
2025-05,울산광역시,중구,자가용,197,125488,20765946
2025-05,울산광역시,중구,사업자용,390,356767,62360238
2025-05,울산광역시,울주군,자가용,485,255884,41682279
2025-05,울산광역시,울주군,사업자용,544,1136276,175623134
2025-05,인천광역시,동구,자가용,24,75314,10855449
2025-05,인천광역시,동구,사업자용,132,157760,27405557
2025-05,인천광역시,서구,자가용,355,1344428,176562096
2025-05,인천광역시,서구,사업자용,1605,2678863,392682297
2025-05,인천광역시,중구,자가용,248,869135,112009669
2025-05,인천광역시,중구,사업자용,457,997455,151457902
2025-05,인천광역시,강화군,자가용,603,252493,39365796
2025-05,인천광역시,강화군,사업자용,154,592659,87829297
2025-05,인천광역시,계양구,자가용,83,125311,16909431
2025-05,인천광역시,계양구,사업자용,457,677691,110281788
2025-05,인천광역시,남동구,자가용,205,267072,38636535
2025-05,인천광역시,남동구,사업자용,1004,1433537,223026044
2025-05,인천광역시,부평구,자가용,126,270171,36378458
2025-05,인천광역시,부평구,사업자용,755,1113869,164749703
2025-05,인천광역시,연수구,자가용,108,899760,110675335
2025-05,인천광역시,연수구,사업자용,1158,2170906,310598832
2025-05,인천광역시,옹진군,자가용,33,5630,1204295
2025-05,인천광역시,옹진군,사업자용,35,15484,6529221
2025-05,인천광역시,미추홀구,자가용,155,158067,22881217
2025-05,인천광역시,미추홀구,사업자용,552,852432,134748854
2025-05,강원특별자치도,강릉시,자가용,738,519486,73611296
2025-05,강원특별자치도,강릉시,사업자용,577,1110423,194429833
2025-05,강원특별자치도,고성군,자가용,130,52323,8225882
2025-05,강원특별자치도,고성군,사업자용,108,129624,30472206
2025-05,강원특별자치도,동해시,자가용,179,83444,13413252
2025-05,강원특별자치도,동해시,사업자용,246,265460,52319150
2025-05,강원특별자치도,삼척시,자가용,217,101550,16362088
2025-05,강원특별자치도,삼척시,사업자용,193,219242,55813267
2025-05,강원특별자치도,속초시,자가용,138,73222,10216454
2025-05,강원특별자치도,속초시,사업자용,331,488982,81838404
2025-05,강원특별자치도,양구군,자가용,73,31763,4965954
2025-05,강원특별자치도,양구군,사업자용,63,62488,16744085
2025-05,강원특별자치도,양양군,자가용,138,50610,8272393
2025-05,강원특별자치도,양양군,사업자용,100,203860,42915797
2025-05,강원특별자치도,영월군,자가용,147,63042,9472086
2025-05,강원특별자치도,영월군,사업자용,99,112599,26731301
2025-05,강원특별자치도,원주시,자가용,583,290401,47903948
2025-05,강원특별자치도,원주시,사업자용,1124,2018469,320338881
2025-05,강원특별자치도,인제군,자가용,94,50099,8927303
2025-05,강원특별자치도,인제군,사업자용,122,226041,46406540
2025-05,강원특별자치도,정선군,자가용,85,104702,17523033
2025-05,강원특별자치도,정선군,사업자용,135,211417,44163235
2025-05,강원특별자치도,철원군,자가용,145,60740,9635048
2025-05,강원특별자치도,철원군,사업자용,100,80041,28303812
2025-05,강원특별자치도,춘천시,자가용,753,384265,60741427
2025-05,강원특별자치도,춘천시,사업자용,822,1583583,246153222
2025-05,강원특별자치도,태백시,자가용,68,47478,8552534
2025-05,강원특별자치도,태백시,사업자용,96,142345,28125329
2025-05,강원특별자치도,평창군,자가용,210,112276,18017858
2025-05,강원특별자치도,평창군,사업자용,178,279355,54858465
2025-05,강원특별자치도,홍천군,자가용,240,124339,18508289
2025-05,강원특별자치도,홍천군,사업자용,182,342040,66863385
2025-05,강원특별자치도,화천군,자가용,56,28156,5002727
2025-05,강원특별자치도,화천군,사업자용,65,76936,15054217
2025-05,강원특별자치도,횡성군,자가용,228,131983,19559619
2025-05,강원특별자치도,횡성군,사업자용,142,243829,47763848
2025-05,세종특별자치시,,자가용,446,740243,102802113
2025-05,세종특별자치시,,사업자용,1424,2722665,395827891
2025-05,전북특별자치도,고창군,자가용,230,106602,18720400
2025-05,전북특별자치도,고창군,사업자용,135,249090,54305117
2025-05,전북특별자치도,군산시,자가용,479,546970,73591850
2025-05,전북특별자치도,군산시,사업자용,834,1637515,272879939
2025-05,전북특별자치도,김제시,자가용,387,166807,29809490
2025-05,전북특별자치도,김제시,사업자용,186,179707,45908794
2025-05,전북특별자치도,남원시,자가용,315,176680,28580091
2025-05,전북특별자치도,남원시,사업자용,217,358828,78124904
2025-05,전북특별자치도,무주군,자가용,117,55219,11524051
2025-05,전북특별자치도,무주군,사업자용,92,126635,29749656
2025-05,전북특별자치도,부안군,자가용,162,60327,9818537
2025-05,전북특별자치도,부안군,사업자용,161,232862,56131785
2025-05,전북특별자치도,순창군,자가용,131,58840,10378822
2025-05,전북특별자치도,순창군,사업자용,64,105981,23162048
2025-05,전북특별자치도,완주군,자가용,417,187174,28699517
2025-05,전북특별자치도,완주군,사업자용,320,440695,82112898
2025-05,전북특별자치도,익산시,자가용,647,301713,50243244
2025-05,전북특별자치도,익산시,사업자용,655,1119518,179819081
2025-05,전북특별자치도,임실군,자가용,106,54762,10091858
2025-05,전북특별자치도,임실군,사업자용,82,198313,45664640
2025-05,전북특별자치도,장수군,자가용,113,52667,8470825
2025-05,전북특별자치도,장수군,사업자용,51,85146,23699118
2025-05,전북특별자치도,정읍시,자가용,479,201347,33138891
2025-05,전북특별자치도,정읍시,사업자용,326,376378,87066715
2025-05,전북특별자치도,진안군,자가용,115,49797,8697100
2025-05,전북특별자치도,진안군,사업자용,76,113511,32551568
2025-05,전북특별자치도,전주시 덕진구,자가용,473,504482,73864715
2025-05,전북특별자치도,전주시 덕진구,사업자용,899,1388451,222179911
2025-05,전북특별자치도,전주시 완산구,자가용,365,185069,29676497
2025-05,전북특별자치도,전주시 완산구,사업자용,903,1180731,191407014
2025-05,제주특별자치도,제주시,자가용,11628,5089964,794096247
2025-05,제주특별자치도,제주시,사업자용,1897,3666573,621087046
2025-05,제주특별자치도,서귀포시,자가용,5722,2072572,334204435
2025-05,제주특별자치도,서귀포시,사업자용,970,1521820,273655087
2025-06,경기도,가평군,자가용,301,144005,24364552
2025-06,경기도,가평군,사업자용,289,562356,104362406
2025-06,경기도,과천시,자가용,96,163938,27740848
2025-06,경기도,과천시,사업자용,158,487776,80381553
2025-06,경기도,광명시,자가용,87,760999,117117210
2025-06,경기도,광명시,사업자용,387,1218202,169544911
2025-06,경기도,광주시,자가용,919,628485,93598021
2025-06,경기도,광주시,사업자용,771,1766818,282459391
2025-06,경기도,구리시,자가용,120,104687,17864295
2025-06,경기도,구리시,사업자용,422,742963,122018368
2025-06,경기도,군포시,자가용,79,1056008,143691854
2025-06,경기도,군포시,사업자용,468,812492,134686123
2025-06,경기도,김포시,자가용,562,804931,132221492
2025-06,경기도,김포시,사업자용,1424,3342787,514294346
2025-06,경기도,시흥시,자가용,180,136014,25111566
2025-06,경기도,시흥시,사업자용,1428,2769164,422639452
2025-06,경기도,안성시,자가용,404,257721,44372743
2025-06,경기도,안성시,사업자용,519,1374687,223654679
2025-06,경기도,양주시,자가용,380,568873,80809018
2025-06,경기도,양주시,사업자용,962,1882777,287486523
2025-06,경기도,양평군,자가용,1107,600460,92054628
2025-06,경기도,양평군,사업자용,222,482656,87253441
2025-06,경기도,여주시,자가용,565,276162,47245256
2025-06,경기도,여주시,사업자용,289,796046,141595120
2025-06,경기도,연천군,자가용,163,70651,11338095
2025-06,경기도,연천군,사업자용,104,224779,44914306
2025-06,경기도,오산시,자가용,132,134274,22814556
2025-06,경기도,오산시,사업자용,590,1259904,195056791
2025-06,경기도,의왕시,자가용,114,184476,34117604
2025-06,경기도,의왕시,사업자용,416,819029,136189698
2025-06,경기도,이천시,자가용,538,279662,47709678
2025-06,경기도,이천시,사업자용,537,1161942,201479415
2025-06,경기도,파주시,자가용,792,956179,143948295
2025-06,경기도,파주시,사업자용,1342,3742598,571315683
2025-06,경기도,평택시,자가용,651,1239842,198483895
2025-06,경기도,평택시,사업자용,1474,3150749,495365248
2025-06,경기도,포천시,자가용,459,565705,79529463
2025-06,경기도,포천시,사업자용,358,830954,152208444
2025-06,경기도,하남시,자가용,263,393586,60276845
2025-06,경기도,하남시,사업자용,816,2166863,333129746
2025-06,경기도,화성시,자가용,871,1021058,164755397
2025-06,경기도,화성시,사업자용,2761,6041833,883466576
2025-06,경기도,남양주시,자가용,755,587576,90308156
2025-06,경기도,남양주시,사업자용,1852,3898473,589675174
2025-06,경기도,동두천시,자가용,119,107632,16187686
2025-06,경기도,동두천시,사업자용,190,260298,51314731
2025-06,경기도,의정부시,자가용,193,334730,48152340
2025-06,경기도,의정부시,사업자용,1009,1859126,268734517
2025-06,경기도,고양시 덕양구,자가용,321,378230,61173659
2025-06,경기도,고양시 덕양구,사업자용,770,2090902,330003498
2025-06,경기도,부천시 소사구,자가용,99,383307,61833912
2025-06,경기도,부천시 소사구,사업자용,338,791392,120612580
2025-06,경기도,부천시 오정구,자가용,98,781645,119499463
2025-06,경기도,부천시 오정구,사업자용,124,1781278,250241314
2025-06,경기도,부천시 원미구,자가용,156,421258,68006376
2025-06,경기도,부천시 원미구,사업자용,710,1066029,178187779
2025-06,경기도,성남시 분당구,자가용,436,887668,131551579
2025-06,경기도,성남시 분당구,사업자용,1485,3114805,498837599
2025-06,경기도,성남시 수정구,자가용,198,596404,86123744
2025-06,경기도,성남시 수정구,사업자용,467,858198,141939111
2025-06,경기도,성남시 중원구,자가용,106,901670,125086450
2025-06,경기도,성남시 중원구,사업자용,418,1295945,197022393
2025-06,경기도,수원시 권선구,자가용,163,241679,40027842
2025-06,경기도,수원시 권선구,사업자용,782,2769538,387939844
2025-06,경기도,수원시 영통구,자가용,116,185940,31210722
2025-06,경기도,수원시 영통구,사업자용,1019,2805369,396914630
2025-06,경기도,수원시 장안구,자가용,75,113191,17758592
2025-06,경기도,수원시 장안구,사업자용,463,1138289,177398380
2025-06,경기도,수원시 팔달구,자가용,75,61339,11775663
2025-06,경기도,수원시 팔달구,사업자용,381,676167,111160370
2025-06,경기도,안산시 단원구,자가용,229,80079,18276687
2025-06,경기도,안산시 단원구,사업자용,833,1159969,221638076
2025-06,경기도,안산시 상록구,자가용,177,97103,17218026
2025-06,경기도,안산시 상록구,사업자용,381,561069,106330669
2025-06,경기도,안양시 동안구,자가용,78,350240,52285807
2025-06,경기도,안양시 동안구,사업자용,649,1549216,235545771
2025-06,경기도,안양시 만안구,자가용,81,116511,18230633
2025-06,경기도,안양시 만안구,사업자용,357,1549588,210417097
2025-06,경기도,용인시 기흥구,자가용,487,267341,45882014
2025-06,경기도,용인시 기흥구,사업자용,1420,2189633,354264763
2025-06,경기도,용인시 수지구,자가용,331,131449,21115741
2025-06,경기도,용인시 수지구,사업자용,1215,1570708,234348489
2025-06,경기도,용인시 처인구,자가용,883,947012,133377966
2025-06,경기도,용인시 처인구,사업자용,562,1880383,289024700
2025-06,경기도,고양시 일산동구,자가용,292,602056,82751394
2025-06,경기도,고양시 일산동구,사업자용,813,2116270,326779632
2025-06,경기도,고양시 일산서구,자가용,140,274169,47393488
2025-06,경기도,고양시 일산서구,사업자용,689,1833052,328639332
2025-06,경상남도,거제시,자가용,311,429313,62679637
2025-06,경상남도,거제시,사업자용,753,614914,126712057
2025-06,경상남도,거창군,자가용,168,140939,21579898
2025-06,경상남도,거창군,사업자용,110,186099,40006785
2025-06,경상남도,고성군,자가용,240,139762,24523898
2025-06,경상남도,고성군,사업자용,117,135959,37432370
2025-06,경상남도,김해시,자가용,499,569681,90948968
2025-06,경상남도,김해시,사업자용,1457,2606690,426486165
2025-06,경상남도,남해군,자가용,232,111378,19278669
2025-06,경상남도,남해군,사업자용,130,101704,27313508
2025-06,경상남도,밀양시,자가용,486,350491,61674523
2025-06,경상남도,밀양시,사업자용,232,274081,61991592
2025-06,경상남도,사천시,자가용,202,182444,29367756
2025-06,경상남도,사천시,사업자용,245,415879,87599646
2025-06,경상남도,산청군,자가용,236,93079,15143322
2025-06,경상남도,산청군,사업자용,219,183226,55248561
2025-06,경상남도,양산시,자가용,362,425625,68209836
2025-06,경상남도,양산시,사업자용,932,2185557,348317237
2025-06,경상남도,의령군,자가용,81,33543,6013725
2025-06,경상남도,의령군,사업자용,84,54247,20063046
2025-06,경상남도,진주시,자가용,890,1481900,210982466
2025-06,경상남도,진주시,사업자용,829,1451207,265224923
2025-06,경상남도,창녕군,자가용,211,96270,14807380
2025-06,경상남도,창녕군,사업자용,154,221432,50822490
2025-06,경상남도,통영시,자가용,172,165588,27347581
2025-06,경상남도,통영시,사업자용,283,398651,78265134
2025-06,경상남도,하동군,자가용,187,116231,20584793
2025-06,경상남도,하동군,사업자용,181,100166,31520837
2025-06,경상남도,함안군,자가용,185,110852,17814259
2025-06,경상남도,함안군,사업자용,151,321166,68178599
2025-06,경상남도,함양군,자가용,138,76731,12345552
2025-06,경상남도,함양군,사업자용,96,149334,36576704
2025-06,경상남도,합천군,자가용,239,141159,21733666
2025-06,경상남도,합천군,사업자용,114,114487,36031800
2025-06,경상남도,창원시 성산구,자가용,257,406111,64741051
2025-06,경상남도,창원시 성산구,사업자용,644,1505163,265878289
2025-06,경상남도,창원시 의창구,자가용,441,206084,33870513
2025-06,경상남도,창원시 의창구,사업자용,520,648497,110813109
2025-06,경상남도,창원시 진해구,자가용,140,176443,30477206
2025-06,경상남도,창원시 진해구,사업자용,464,580183,102429825
2025-06,경상남도,창원시 마산합포구,자가용,217,662593,108401643
2025-06,경상남도,창원시 마산합포구,사업자용,421,1598655,253615896
2025-06,경상남도,창원시 마산회원구,자가용,177,104182,18439354
2025-06,경상남도,창원시 마산회원구,사업자용,343,463621,83678453
2025-06,경상북도,경산시,자가용,440,253059,44221416
2025-06,경상북도,경산시,사업자용,744,1339051,229572300
2025-06,경상북도,경주시,자가용,896,416218,65842988
2025-06,경상북도,경주시,사업자용,573,1309211,238464674
2025-06,경상북도,고령군,자가용,156,67234,11511821
2025-06,경상북도,고령군,사업자용,80,74785,25078325
2025-06,경상북도,구미시,자가용,510,287467,51092466
2025-06,경상북도,구미시,사업자용,1001,1560432,287233828
2025-06,경상북도,김천시,자가용,372,163964,27557643
2025-06,경상북도,김천시,사업자용,387,628296,128305116
2025-06,경상북도,문경시,자가용,202,130114,22390472
2025-06,경상북도,문경시,사업자용,113,420831,70760538
2025-06,경상북도,봉화군,자가용,88,43672,8171570
2025-06,경상북도,봉화군,사업자용,38,48867,20253658
2025-06,경상북도,상주시,자가용,388,255491,44509959
2025-06,경상북도,상주시,사업자용,185,335456,74353552
2025-06,경상북도,성주군,자가용,269,121797,20422101
2025-06,경상북도,성주군,사업자용,114,229931,52424058
2025-06,경상북도,안동시,자가용,418,339680,55435559
2025-06,경상북도,안동시,사업자용,394,700212,137737371
2025-06,경상북도,영덕군,자가용,163,98752,18107712
2025-06,경상북도,영덕군,사업자용,48,111616,30364748
2025-06,경상북도,영양군,자가용,44,28095,4979273
2025-06,경상북도,영양군,사업자용,36,31026,12581198
2025-06,경상북도,영주시,자가용,297,170195,27032842
2025-06,경상북도,영주시,사업자용,196,251154,63302111
2025-06,경상북도,영천시,자가용,288,399941,63368113
2025-06,경상북도,영천시,사업자용,254,354548,83391311
2025-06,경상북도,예천군,자가용,220,108689,17950359
2025-06,경상북도,예천군,사업자용,112,238666,41193438
2025-06,경상북도,울릉군,자가용,142,26069,6121219
2025-06,경상북도,울릉군,사업자용,14,34540,7617851
2025-06,경상북도,울진군,자가용,171,90281,16523412
2025-06,경상북도,울진군,사업자용,117,189618,49059017
2025-06,경상북도,의성군,자가용,167,80064,16722259
2025-06,경상북도,의성군,사업자용,59,88504,24169907
2025-06,경상북도,청도군,자가용,267,116188,19583383
2025-06,경상북도,청도군,사업자용,75,281687,48692113
2025-06,경상북도,청송군,자가용,115,90007,15293804
2025-06,경상북도,청송군,사업자용,71,108844,33026783
2025-06,경상북도,칠곡군,자가용,282,182582,30584403
2025-06,경상북도,칠곡군,사업자용,281,610004,111117390
2025-06,경상북도,포항시 남구,자가용,502,591106,97078196
2025-06,경상북도,포항시 남구,사업자용,693,693715,149252076
2025-06,경상북도,포항시 북구,자가용,568,677419,111622752
2025-06,경상북도,포항시 북구,사업자용,803,1121573,207357567
2025-06,전라남도,강진군,자가용,117,45656,7659848
2025-06,전라남도,강진군,사업자용,73,70512,23582584
2025-06,전라남도,고흥군,자가용,238,81582,15245873
2025-06,전라남도,고흥군,사업자용,105,133770,30330671
2025-06,전라남도,곡성군,자가용,152,87556,14295736
2025-06,전라남도,곡성군,사업자용,65,118163,26946996
2025-06,전라남도,광양시,자가용,492,582459,89283418
2025-06,전라남도,광양시,사업자용,498,655888,130978171
2025-06,전라남도,구례군,자가용,133,43545,7180396
2025-06,전라남도,구례군,사업자용,99,67024,29031311
2025-06,전라남도,나주시,자가용,520,289216,51532637
2025-06,전라남도,나주시,사업자용,434,676095,126857975
2025-06,전라남도,담양군,자가용,358,148099,25304738
2025-06,전라남도,담양군,사업자용,145,103713,29767667
2025-06,전라남도,목포시,자가용,267,272324,48889995
2025-06,전라남도,목포시,사업자용,520,591447,111469878
2025-06,전라남도,무안군,자가용,217,135218,22577663
2025-06,전라남도,무안군,사업자용,237,297895,64126279
2025-06,전라남도,보성군,자가용,131,117868,20696107
2025-06,전라남도,보성군,사업자용,90,108974,32760982
2025-06,전라남도,순천시,자가용,776,375116,63231559
2025-06,전라남도,순천시,사업자용,708,1204030,208203656
2025-06,전라남도,신안군,자가용,101,43479,9892976
2025-06,전라남도,신안군,사업자용,79,40139,13060839
2025-06,전라남도,여수시,자가용,672,459523,72848475
2025-06,전라남도,여수시,사업자용,686,871698,177533072
2025-06,전라남도,영광군,자가용,370,180001,31531129
2025-06,전라남도,영광군,사업자용,112,176679,38103007
2025-06,전라남도,영암군,자가용,163,49907,9448665
2025-06,전라남도,영암군,사업자용,158,152888,39718626
2025-06,전라남도,완도군,자가용,107,31323,6726036
2025-06,전라남도,완도군,사업자용,81,75928,23357931
2025-06,전라남도,장성군,자가용,237,104194,16332350
2025-06,전라남도,장성군,사업자용,95,141786,35237960
2025-06,전라남도,장흥군,자가용,122,59536,10597170
2025-06,전라남도,장흥군,사업자용,83,86044,22611629
2025-06,전라남도,진도군,자가용,100,38208,6476658
2025-06,전라남도,진도군,사업자용,48,56980,15401871
2025-06,전라남도,함평군,자가용,143,56435,10233318
2025-06,전라남도,함평군,사업자용,104,160729,38112939
2025-06,전라남도,해남군,자가용,197,92636,16893589
2025-06,전라남도,해남군,사업자용,125,130336,38508389
2025-06,전라남도,화순군,자가용,204,137962,20871881
2025-06,전라남도,화순군,사업자용,168,157589,40093972
2025-06,충청남도,계룡시,자가용,53,139675,19217751
2025-06,충청남도,계룡시,사업자용,153,286905,48315638
2025-06,충청남도,공주시,자가용,419,313794,48961777
2025-06,충청남도,공주시,사업자용,303,708459,137367253
2025-06,충청남도,금산군,자가용,283,152749,26566447
2025-06,충청남도,금산군,사업자용,72,180460,35144985
2025-06,충청남도,논산시,자가용,378,258391,44407043
2025-06,충청남도,논산시,사업자용,223,360210,75380235
2025-06,충청남도,당진시,자가용,615,703006,123883581
2025-06,충청남도,당진시,사업자용,531,808053,147980595
2025-06,충청남도,보령시,자가용,294,211077,32488318
2025-06,충청남도,보령시,사업자용,239,311984,82696838
2025-06,충청남도,부여군,자가용,378,179401,28485315
2025-06,충청남도,부여군,사업자용,123,193238,45398627
2025-06,충청남도,서산시,자가용,355,254758,43342361
2025-06,충청남도,서산시,사업자용,447,762852,142591427
2025-06,충청남도,서천군,자가용,239,95106,18070626
2025-06,충청남도,서천군,사업자용,126,172242,46261996
2025-06,충청남도,아산시,자가용,688,764651,130484792
2025-06,충청남도,아산시,사업자용,1100,1428872,254879824
2025-06,충청남도,예산군,자가용,375,165801,27512017
2025-06,충청남도,예산군,사업자용,222,427086,93029204
2025-06,충청남도,청양군,자가용,128,54412,8973331
2025-06,충청남도,청양군,사업자용,56,55255,15677133
2025-06,충청남도,태안군,자가용,213,73888,19839835
2025-06,충청남도,태안군,사업자용,156,223761,53301259
2025-06,충청남도,홍성군,자가용,225,208842,32827377
2025-06,충청남도,홍성군,사업자용,301,386030,76562303
2025-06,충청남도,천안시 동남구,자가용,332,740452,118983836
2025-06,충청남도,천안시 동남구,사업자용,684,1065014,199106112
2025-06,충청남도,천안시 서북구,자가용,296,527274,87815430
2025-06,충청남도,천안시 서북구,사업자용,1003,1600322,259940746
2025-06,충청북도,괴산군,자가용,205,81274,13315233
2025-06,충청북도,괴산군,사업자용,90,256106,53363270
2025-06,충청북도,단양군,자가용,174,79339,12154685
2025-06,충청북도,단양군,사업자용,75,171368,38672960
2025-06,충청북도,보은군,자가용,216,85198,13839831
2025-06,충청북도,보은군,사업자용,75,167121,35745240
2025-06,충청북도,영동군,자가용,265,102927,16757633
2025-06,충청북도,영동군,사업자용,91,116651,40528536
2025-06,충청북도,옥천군,자가용,270,117569,19667190
2025-06,충청북도,옥천군,사업자용,110,192263,42763029
2025-06,충청북도,음성군,자가용,279,152690,25471264
2025-06,충청북도,음성군,사업자용,262,473315,101915494
2025-06,충청북도,제천시,자가용,523,233965,38630309
2025-06,충청북도,제천시,사업자용,346,570744,113598775
2025-06,충청북도,증평군,자가용,68,35070,5610890
2025-06,충청북도,증평군,사업자용,93,117131,23627872
2025-06,충청북도,진천군,자가용,259,112929,19653949
2025-06,충청북도,진천군,사업자용,317,428814,84121267
2025-06,충청북도,충주시,자가용,656,423135,66846418
2025-06,충청북도,충주시,사업자용,612,1197832,219479003
2025-06,충청북도,청주시 상당구,자가용,390,543683,73824963
2025-06,충청북도,청주시 상당구,사업자용,479,1018969,153488987
2025-06,충청북도,청주시 서원구,자가용,322,519947,79422012
2025-06,충청북도,청주시 서원구,사업자용,507,819224,136106382
2025-06,충청북도,청주시 청원구,자가용,372,289017,42009578
2025-06,충청북도,청주시 청원구,사업자용,574,1019732,171309858
2025-06,충청북도,청주시 흥덕구,자가용,429,616614,97453435
2025-06,충청북도,청주시 흥덕구,사업자용,744,1585043,257279243
2025-06,광주광역시,남구,자가용,189,87050,16950742
2025-06,광주광역시,남구,사업자용,557,673239,107683665
2025-06,광주광역시,동구,자가용,114,129233,12072777
2025-06,광주광역시,동구,사업자용,318,424498,74468050
2025-06,광주광역시,북구,자가용,404,323934,51841087
2025-06,광주광역시,북구,사업자용,1020,1524025,264771996
2025-06,광주광역시,서구,자가용,280,311405,47849830
2025-06,광주광역시,서구,사업자용,819,1106506,192135800
2025-06,광주광역시,광산구,자가용,500,234171,42205835
2025-06,광주광역시,광산구,사업자용,1135,1552629,260066418
2025-06,대구광역시,남구,자가용,239,127427,20389534
2025-06,대구광역시,남구,사업자용,168,240822,42534067
2025-06,대구광역시,동구,자가용,502,537913,86535369
2025-06,대구광역시,동구,사업자용,819,1342422,235519175
2025-06,대구광역시,북구,자가용,423,415620,65036026
2025-06,대구광역시,북구,사업자용,1065,1799404,303484376
2025-06,대구광역시,서구,자가용,252,212368,33496777
2025-06,대구광역시,서구,사업자용,199,246373,44130818
2025-06,대구광역시,중구,자가용,103,130243,19109332
2025-06,대구광역시,중구,사업자용,204,283019,47859441
2025-06,대구광역시,군위군,자가용,126,63932,10617003
2025-06,대구광역시,군위군,사업자용,69,303178,57261153
2025-06,대구광역시,달서구,자가용,493,438359,71962519
2025-06,대구광역시,달서구,사업자용,1135,2049832,332579755
2025-06,대구광역시,달성군,자가용,463,372678,58870257
2025-06,대구광역시,달성군,사업자용,762,1390642,239179642
2025-06,대구광역시,수성구,자가용,465,301523,49962301
2025-06,대구광역시,수성구,사업자용,947,1468559,235215818
2025-06,대전광역시,동구,자가용,292,283687,45042771
2025-06,대전광역시,동구,사업자용,418,696491,114871879
2025-06,대전광역시,서구,자가용,379,241059,38982563
2025-06,대전광역시,서구,사업자용,1034,1680697,269427836
2025-06,대전광역시,중구,자가용,275,324570,50093937
2025-06,대전광역시,중구,사업자용,463,677279,118071543
2025-06,대전광역시,대덕구,자가용,257,550082,81823360
2025-06,대전광역시,대덕구,사업자용,406,676704,112503163
2025-06,대전광역시,유성구,자가용,368,526791,88237839
2025-06,대전광역시,유성구,사업자용,1379,1917038,332030496
2025-06,부산광역시,남구,자가용,106,79942,15479457
2025-06,부산광역시,남구,사업자용,553,1325117,197872275
2025-06,부산광역시,동구,자가용,50,25565,5089660
2025-06,부산광역시,동구,사업자용,119,217545,35110631
2025-06,부산광역시,북구,자가용,66,33562,6081924
2025-06,부산광역시,북구,사업자용,644,857050,132361096
2025-06,부산광역시,서구,자가용,37,29982,4898722
2025-06,부산광역시,서구,사업자용,154,184557,34716303
2025-06,부산광역시,중구,자가용,22,11074,2227537
2025-06,부산광역시,중구,사업자용,45,50882,11698441
2025-06,부산광역시,강서구,자가용,220,121125,25410538
2025-06,부산광역시,강서구,사업자용,510,984839,164916755
2025-06,부산광역시,금정구,자가용,169,132608,20400041
2025-06,부산광역시,금정구,사업자용,439,994705,154212804
2025-06,부산광역시,기장군,자가용,237,780347,122074802
2025-06,부산광역시,기장군,사업자용,342,838701,158635877
2025-06,부산광역시,동래구,자가용,123,75077,11744599
2025-06,부산광역시,동래구,사업자용,491,866473,129851883
2025-06,부산광역시,사상구,자가용,97,57826,11864450
2025-06,부산광역시,사상구,사업자용,477,848578,143374421
2025-06,부산광역시,사하구,자가용,120,69202,11891131
2025-06,부산광역시,사하구,사업자용,593,722475,121309140
2025-06,부산광역시,수영구,자가용,101,271991,40720271
2025-06,부산광역시,수영구,사업자용,306,869582,123913232
2025-06,부산광역시,연제구,자가용,94,54101,10683726
2025-06,부산광역시,연제구,사업자용,462,874027,135597025
2025-06,부산광역시,영도구,자가용,49,258900,36765868
2025-06,부산광역시,영도구,사업자용,178,731008,114158504
2025-06,부산광역시,부산진구,자가용,119,346435,44444385
2025-06,부산광역시,부산진구,사업자용,651,934878,150301051
2025-06,부산광역시,해운대구,자가용,133,528305,75308681
2025-06,부산광역시,해운대구,사업자용,1129,1864089,284209199
2025-06,서울특별시,중구,자가용,93,215414,39492828
2025-06,서울특별시,중구,사업자용,421,585962,112485851
2025-06,서울특별시,강남구,자가용,395,315374,73144370
2025-06,서울특별시,강남구,사업자용,1258,1974435,332057005
2025-06,서울특별시,강동구,자가용,295,997953,154107906
2025-06,서울특별시,강동구,사업자용,631,987587,156332068
2025-06,서울특별시,강북구,자가용,195,545459,85042638
2025-06,서울특별시,강북구,사업자용,295,394293,72278812
2025-06,서울특별시,강서구,자가용,196,670631,104983120
2025-06,서울특별시,강서구,사업자용,1064,1335899,233807782
2025-06,서울특별시,관악구,자가용,203,302909,48991096
2025-06,서울특별시,관악구,사업자용,418,480567,82942675
2025-06,서울특별시,광진구,자가용,225,225467,33398819
2025-06,서울특별시,광진구,사업자용,340,454488,77984505
2025-06,서울특별시,구로구,자가용,115,446416,63400195
2025-06,서울특별시,구로구,사업자용,696,882554,157729894
2025-06,서울특별시,금천구,자가용,93,595701,91240395
2025-06,서울특별시,금천구,사업자용,434,586398,115385728
2025-06,서울특별시,노원구,자가용,96,570425,86055670
2025-06,서울특별시,노원구,사업자용,740,935666,160717623
2025-06,서울특별시,도봉구,자가용,152,1003770,149347267
2025-06,서울특별시,도봉구,사업자용,389,715668,118120764
2025-06,서울특별시,동작구,자가용,177,158900,25284076
2025-06,서울특별시,동작구,사업자용,484,545235,89191052
2025-06,서울특별시,마포구,자가용,190,413939,65684371
2025-06,서울특별시,마포구,사업자용,719,876068,159722230
2025-06,서울특별시,서초구,자가용,345,409834,63606371
2025-06,서울특별시,서초구,사업자용,987,1616113,267206184
2025-06,서울특별시,성동구,자가용,119,324209,48834446
2025-06,서울특별시,성동구,사업자용,678,874652,155429716
2025-06,서울특별시,성북구,자가용,264,736772,113851823
2025-06,서울특별시,성북구,사업자용,685,761628,123158175
2025-06,서울특별시,송파구,자가용,304,444493,68752319
2025-06,서울특별시,송파구,사업자용,817,2037115,321348089
2025-06,서울특별시,양천구,자가용,151,861255,133474600
2025-06,서울특별시,양천구,사업자용,502,812292,137566082
2025-06,서울특별시,용산구,자가용,161,219746,39941587
2025-06,서울특별시,용산구,사업자용,382,598733,105084330
2025-06,서울특별시,은평구,자가용,252,989920,152450369
2025-06,서울특별시,은평구,사업자용,627,907242,146500956
2025-06,서울특별시,종로구,자가용,279,143290,29132562
2025-06,서울특별시,종로구,사업자용,309,379412,76676225
2025-06,서울특별시,중랑구,자가용,232,1172029,149460879
2025-06,서울특별시,중랑구,사업자용,532,761943,127200892
2025-06,서울특별시,동대문구,자가용,122,88813,13515402
2025-06,서울특별시,동대문구,사업자용,501,563258,96612408
2025-06,서울특별시,서대문구,자가용,188,521279,78874948
2025-06,서울특별시,서대문구,사업자용,533,542939,97898178
2025-06,서울특별시,영등포구,자가용,125,305170,51134476
2025-06,서울특별시,영등포구,사업자용,823,1138176,212157409
2025-06,울산광역시,남구,자가용,246,134110,25235490
2025-06,울산광역시,남구,사업자용,674,879423,167761583
2025-06,울산광역시,동구,자가용,76,42843,8326758
2025-06,울산광역시,동구,사업자용,264,218598,42873672
2025-06,울산광역시,북구,자가용,165,137733,23512087
2025-06,울산광역시,북구,사업자용,550,806417,146122342
2025-06,울산광역시,중구,자가용,201,131243,22951338
2025-06,울산광역시,중구,사업자용,394,383126,71483112
2025-06,울산광역시,울주군,자가용,488,268419,47162144
2025-06,울산광역시,울주군,사업자용,553,1158468,200593223
2025-06,인천광역시,동구,자가용,24,76135,11550980
2025-06,인천광역시,동구,사업자용,132,158710,31032569
2025-06,인천광역시,서구,자가용,355,1412711,216690316
2025-06,인천광역시,서구,사업자용,1623,2795616,442379428
2025-06,인천광역시,중구,자가용,253,867481,122603089
2025-06,인천광역시,중구,사업자용,457,1022621,170798986
2025-06,인천광역시,강화군,자가용,607,261503,42947633
2025-06,인천광역시,강화군,사업자용,152,592748,102925241
2025-06,인천광역시,계양구,자가용,86,124961,18102507
2025-06,인천광역시,계양구,사업자용,460,703869,123865085
2025-06,인천광역시,남동구,자가용,205,262899,41769598
2025-06,인천광역시,남동구,사업자용,1010,1474232,246744306
2025-06,인천광역시,부평구,자가용,125,282937,39849512
2025-06,인천광역시,부평구,사업자용,765,1198610,194006162
2025-06,인천광역시,연수구,자가용,109,911344,131763446
2025-06,인천광역시,연수구,사업자용,1179,2242730,348969476
2025-06,인천광역시,옹진군,자가용,35,6828,1482570
2025-06,인천광역시,옹진군,사업자용,33,14881,6887901
2025-06,인천광역시,미추홀구,자가용,155,134855,22297800
2025-06,인천광역시,미추홀구,사업자용,581,901279,152632866
2025-06,강원특별자치도,강릉시,자가용,747,413581,68937122
2025-06,강원특별자치도,강릉시,사업자용,579,1335922,251727660
2025-06,강원특별자치도,고성군,자가용,128,51133,8331445
2025-06,강원특별자치도,고성군,사업자용,110,145963,34570339
2025-06,강원특별자치도,동해시,자가용,182,88698,15230639
2025-06,강원특별자치도,동해시,사업자용,248,291232,59594846
2025-06,강원특별자치도,삼척시,자가용,218,101294,17684958
2025-06,강원특별자치도,삼척시,사업자용,193,241712,62178227
2025-06,강원특별자치도,속초시,자가용,139,76623,11472125
2025-06,강원특별자치도,속초시,사업자용,334,508866,93314811
2025-06,강원특별자치도,양구군,자가용,74,31511,5277451
2025-06,강원특별자치도,양구군,사업자용,65,65557,17737748
2025-06,강원특별자치도,양양군,자가용,140,53511,9036701
2025-06,강원특별자치도,양양군,사업자용,101,232609,51323873
2025-06,강원특별자치도,영월군,자가용,148,64101,10445737
2025-06,강원특별자치도,영월군,사업자용,98,113875,28306053
2025-06,강원특별자치도,원주시,자가용,593,307892,54180545
2025-06,강원특별자치도,원주시,사업자용,1130,2077775,350625095
2025-06,강원특별자치도,인제군,자가용,96,51288,9933098
2025-06,강원특별자치도,인제군,사업자용,123,272336,57366395
2025-06,강원특별자치도,정선군,자가용,87,107209,20456943
2025-06,강원특별자치도,정선군,사업자용,135,214392,50245957
2025-06,강원특별자치도,철원군,자가용,148,62946,10492896
2025-06,강원특별자치도,철원군,사업자용,101,83612,30466736
2025-06,강원특별자치도,춘천시,자가용,760,401835,68451963
2025-06,강원특별자치도,춘천시,사업자용,825,1685529,277689064
2025-06,강원특별자치도,태백시,자가용,68,49318,9272378
2025-06,강원특별자치도,태백시,사업자용,99,161526,33990408
2025-06,강원특별자치도,평창군,자가용,211,120161,21499219
2025-06,강원특별자치도,평창군,사업자용,182,310336,66831598
2025-06,강원특별자치도,홍천군,자가용,246,129198,21593674
2025-06,강원특별자치도,홍천군,사업자용,178,372209,79270289
2025-06,강원특별자치도,화천군,자가용,57,28181,5458232
2025-06,강원특별자치도,화천군,사업자용,66,80531,16220863
2025-06,강원특별자치도,횡성군,자가용,227,136373,21832527
2025-06,강원특별자치도,횡성군,사업자용,142,266500,54204923
2025-06,세종특별자치시,,자가용,435,777160,108788594
2025-06,세종특별자치시,,사업자용,1438,2779249,421319987
2025-06,전북특별자치도,고창군,자가용,235,110780,18770771
2025-06,전북특별자치도,고창군,사업자용,134,233102,56290523
2025-06,전북특별자치도,군산시,자가용,482,519952,78867993
2025-06,전북특별자치도,군산시,사업자용,844,1671811,301233284
2025-06,전북특별자치도,김제시,자가용,394,171674,32829874
2025-06,전북특별자치도,김제시,사업자용,186,179710,48573368
2025-06,전북특별자치도,남원시,자가용,324,184244,32745355
2025-06,전북특별자치도,남원시,사업자용,219,365052,83913767
2025-06,전북특별자치도,무주군,자가용,119,56371,12597963
2025-06,전북특별자치도,무주군,사업자용,91,125456,33572711
2025-06,전북특별자치도,부안군,자가용,164,60562,10620631
2025-06,전북특별자치도,부안군,사업자용,165,229592,60657805
2025-06,전북특별자치도,순창군,자가용,139,60357,11966443
2025-06,전북특별자치도,순창군,사업자용,64,104380,26978397
2025-06,전북특별자치도,완주군,자가용,421,187354,30734181
2025-06,전북특별자치도,완주군,사업자용,321,448739,90543242
2025-06,전북특별자치도,익산시,자가용,653,300480,54413818
2025-06,전북특별자치도,익산시,사업자용,657,1141746,198411832
2025-06,전북특별자치도,임실군,자가용,107,55157,10831985
2025-06,전북특별자치도,임실군,사업자용,83,188435,47506875
2025-06,전북특별자치도,장수군,자가용,113,54075,19157641
2025-06,전북특별자치도,장수군,사업자용,51,80724,25191742
2025-06,전북특별자치도,정읍시,자가용,487,205386,36728618
2025-06,전북특별자치도,정읍시,사업자용,325,376199,92674031
2025-06,전북특별자치도,진안군,자가용,115,50023,9183881
2025-06,전북특별자치도,진안군,사업자용,76,110179,34441982
2025-06,전북특별자치도,전주시 덕진구,자가용,489,515814,88316983
2025-06,전북특별자치도,전주시 덕진구,사업자용,885,1421462,240873056
2025-06,전북특별자치도,전주시 완산구,자가용,364,185586,32961749
2025-06,전북특별자치도,전주시 완산구,사업자용,908,1226462,210567773
2025-06,제주특별자치도,제주시,자가용,11716,5195999,897148893
2025-06,제주특별자치도,제주시,사업자용,1876,3904766,740023153
2025-06,제주특별자치도,서귀포시,자가용,5758,2118811,378473454
2025-06,제주특별자치도,서귀포시,사업자용,962,1564983,315616011
